,crc_errors,invalid_packets,messages,polling_cycles,publications,retransmissions,packet_delivery_ratio,network_delivery_ratio
2019-05-17 10:30:00,0.0,0.0,0.0,0.0,0.0,1.0,0.0,0.0
2019-05-17 10:35:00,0.0,0.0,0.0,0.0,0.0,1.0,0.0,0.0
2019-05-17 11:10:00,1.0,0.0,11.0,11.0,11.0,1.0,0.8461538461538461,0.9166666666666666
2019-05-17 11:25:00,1.0,0.0,12.0,12.0,12.0,1.0,0.8571428571428571,1.0
2019-05-17 11:40:00,1.0,0.0,11.0,11.0,11.0,1.0,0.8461538461538461,0.9166666666666666
2019-05-17 11:55:00,0.0,0.0,11.0,11.0,11.0,1.0,0.9166666666666666,0.9166666666666666
2019-05-17 12:10:00,0.0,0.0,12.0,12.0,12.0,1.0,0.9230769230769231,1.0
2019-05-17 12:25:00,0.0,0.0,12.0,12.0,12.0,1.0,0.9230769230769231,1.0
2019-05-17 12:40:00,0.0,0.0,11.0,11.0,11.0,1.0,0.9166666666666666,0.9166666666666666
2019-05-17 12:55:00,1.0,0.0,11.0,11.0,11.0,1.0,0.8461538461538461,0.9166666666666666
2019-05-17 13:10:00,0.0,0.0,12.0,12.0,12.0,1.0,0.9230769230769231,1.0
2019-05-17 13:25:00,0.0,0.0,12.0,12.0,12.0,1.0,0.9230769230769231,1.0
2019-05-17 13:45:00,0.0,0.0,11.0,11.0,11.0,1.0,0.9166666666666666,0.9166666666666666
2019-05-17 14:00:00,1.0,0.0,12.0,12.0,12.0,1.0,0.8571428571428571,1.0
2019-05-17 14:15:00,0.0,0.0,11.0,11.0,11.0,0.0,1.0,0.9166666666666666
2019-05-17 14:30:00,1.0,0.0,12.0,12.0,12.0,1.0,0.8571428571428571,1.0
2019-05-17 14:45:00,1.0,0.0,11.0,11.0,11.0,1.0,0.8461538461538461,0.9166666666666666
2019-05-17 15:15:00,1.0,0.0,12.0,12.0,12.0,0.0,0.9230769230769231,1.0
2019-05-17 15:30:00,0.0,0.0,12.0,12.0,12.0,0.0,1.0,1.0
2019-05-17 15:45:00,0.0,0.0,12.0,12.0,12.0,1.0,0.9230769230769231,1.0
2019-05-17 16:00:00,0.0,0.0,12.0,12.0,12.0,0.0,1.0,1.0
2019-05-17 16:15:00,0.0,0.0,12.0,12.0,12.0,1.0,0.9230769230769231,1.0
2019-05-17 17:00:00,0.0,0.0,11.0,11.0,11.0,1.0,0.9166666666666666,0.9166666666666666
2019-05-17 17:15:00,0.0,0.0,11.0,11.0,11.0,1.0,0.9166666666666666,0.9166666666666666
2019-05-17 17:30:00,1.0,0.0,11.0,11.0,11.0,1.0,0.8461538461538461,0.9166666666666666
2019-05-17 17:45:00,0.0,0.0,11.0,11.0,11.0,1.0,0.9166666666666666,0.9166666666666666
2019-05-17 18:00:00,0.0,0.0,11.0,11.0,11.0,1.0,0.9166666666666666,0.9166666666666666
2019-05-17 18:15:00,1.0,0.0,11.0,11.0,11.0,1.0,0.8461538461538461,0.9166666666666666
2019-05-17 18:30:00,0.0,0.0,11.0,11.0,11.0,1.0,0.9166666666666666,0.9166666666666666
2019-05-17 18:45:00,0.0,0.0,10.0,10.0,10.0,1.0,0.9090909090909091,0.8333333333333334
2019-05-17 19:05:00,0.0,0.0,11.0,11.0,11.0,1.0,0.9166666666666666,0.9166666666666666
2019-05-17 19:20:00,0.0,0.0,11.0,11.0,11.0,0.0,1.0,0.9166666666666666
2019-05-17 19:35:00,0.0,0.0,11.0,11.0,11.0,1.0,0.9166666666666666,0.9166666666666666
2019-05-17 19:50:00,0.0,0.0,11.0,11.0,11.0,0.0,1.0,0.9166666666666666
2019-05-17 20:35:00,0.0,0.0,11.0,11.0,11.0,1.0,0.9166666666666666,0.9166666666666666
2019-05-17 20:50:00,0.0,0.0,11.0,11.0,11.0,1.0,0.9166666666666666,0.9166666666666666
2019-05-17 21:25:00,1.0,0.0,11.0,11.0,11.0,1.0,0.8461538461538461,0.9166666666666666
2019-05-17 21:40:00,0.0,0.0,11.0,11.0,11.0,1.0,0.9166666666666666,0.9166666666666666
2019-05-17 21:55:00,0.0,0.0,11.0,11.0,11.0,1.0,0.9166666666666666,0.9166666666666666
2019-05-17 22:10:00,1.0,0.0,11.0,11.0,11.0,1.0,0.8461538461538461,0.9166666666666666
2019-05-17 22:25:00,1.0,0.0,11.0,11.0,11.0,0.0,0.9166666666666666,0.9166666666666666
2019-05-17 22:40:00,0.0,0.0,10.0,10.0,10.0,1.0,0.9090909090909091,0.8333333333333334
2019-05-17 22:55:00,0.0,0.0,11.0,11.0,11.0,0.0,1.0,0.9166666666666666
2019-05-17 23:10:00,0.0,0.0,11.0,11.0,11.0,1.0,0.9166666666666666,0.9166666666666666
2019-05-17 23:25:00,0.0,0.0,11.0,11.0,11.0,1.0,0.9166666666666666,0.9166666666666666
2019-05-17 23:40:00,1.0,0.0,11.0,11.0,11.0,1.0,0.8461538461538461,0.9166666666666666
2019-05-17 23:55:00,0.0,0.0,11.0,11.0,11.0,1.0,0.9166666666666666,0.9166666666666666
2019-05-18 00:10:00,1.0,0.0,11.0,11.0,11.0,1.0,0.8461538461538461,0.9166666666666666
2019-05-18 00:25:00,0.0,0.0,11.0,11.0,11.0,1.0,0.9166666666666666,0.9166666666666666
2019-05-18 00:40:00,0.0,0.0,11.0,11.0,11.0,1.0,0.9166666666666666,0.9166666666666666
2019-05-18 01:15:00,0.0,0.0,11.0,11.0,11.0,1.0,0.9166666666666666,0.9166666666666666
2019-05-18 01:30:00,0.0,0.0,11.0,11.0,11.0,1.0,0.9166666666666666,0.9166666666666666
2019-05-18 01:45:00,0.0,0.0,11.0,11.0,11.0,1.0,0.9166666666666666,0.9166666666666666
2019-05-18 02:00:00,0.0,0.0,11.0,11.0,11.0,1.0,0.9166666666666666,0.9166666666666666
2019-05-18 02:15:00,0.0,0.0,11.0,11.0,11.0,1.0,0.9166666666666666,0.9166666666666666
2019-05-18 02:30:00,0.0,0.0,11.0,11.0,11.0,1.0,0.9166666666666666,0.9166666666666666
2019-05-18 02:45:00,0.0,0.0,11.0,11.0,11.0,1.0,0.9166666666666666,0.9166666666666666
2019-05-18 03:00:00,0.0,0.0,11.0,11.0,11.0,1.0,0.9166666666666666,0.9166666666666666
2019-05-18 03:15:00,1.0,0.0,11.0,11.0,11.0,1.0,0.8461538461538461,0.9166666666666666
2019-05-18 03:30:00,1.0,0.0,11.0,11.0,11.0,1.0,0.8461538461538461,0.9166666666666666
2019-05-18 03:45:00,0.0,0.0,11.0,11.0,11.0,1.0,0.9166666666666666,0.9166666666666666
2019-05-18 04:00:00,0.0,0.0,11.0,11.0,11.0,2.0,0.8461538461538461,0.9166666666666666
2019-05-18 04:15:00,0.0,0.0,11.0,11.0,11.0,1.0,0.9166666666666666,0.9166666666666666
2019-05-18 04:30:00,0.0,0.0,12.0,12.0,12.0,1.0,0.9230769230769231,1.0
2019-05-18 04:50:00,0.0,0.0,12.0,12.0,12.0,1.0,0.9230769230769231,1.0
2019-05-18 05:05:00,1.0,0.0,11.0,11.0,11.0,1.0,0.8461538461538461,0.9166666666666666
2019-05-18 05:20:00,0.0,0.0,11.0,11.0,11.0,1.0,0.9166666666666666,0.9166666666666666
2019-05-18 05:35:00,1.0,0.0,11.0,11.0,11.0,1.0,0.8461538461538461,0.9166666666666666
2019-05-18 05:50:00,1.0,0.0,11.0,11.0,11.0,1.0,0.8461538461538461,0.9166666666666666
2019-05-18 06:05:00,0.0,0.0,11.0,11.0,11.0,1.0,0.9166666666666666,0.9166666666666666
2019-05-18 06:20:00,0.0,0.0,11.0,11.0,11.0,1.0,0.9166666666666666,0.9166666666666666
2019-05-18 06:35:00,0.0,0.0,11.0,11.0,11.0,1.0,0.9166666666666666,0.9166666666666666
2019-05-18 06:50:00,1.0,0.0,11.0,11.0,11.0,1.0,0.8461538461538461,0.9166666666666666
2019-05-18 07:05:00,0.0,0.0,11.0,11.0,11.0,1.0,0.9166666666666666,0.9166666666666666
2019-05-18 07:20:00,1.0,0.0,11.0,11.0,11.0,1.0,0.8461538461538461,0.9166666666666666
2019-05-18 07:35:00,0.0,0.0,11.0,11.0,11.0,1.0,0.9166666666666666,0.9166666666666666
2019-05-18 07:50:00,1.0,0.0,11.0,11.0,11.0,1.0,0.8461538461538461,0.9166666666666666
2019-05-18 08:05:00,1.0,0.0,12.0,12.0,12.0,0.0,0.9230769230769231,1.0
2019-05-18 08:20:00,0.0,0.0,12.0,12.0,12.0,0.0,1.0,1.0
2019-05-18 08:40:00,0.0,0.0,11.0,11.0,11.0,0.0,1.0,0.9166666666666666
2019-05-18 09:25:00,0.0,0.0,12.0,12.0,12.0,1.0,0.9230769230769231,1.0
2019-05-18 09:40:00,0.0,0.0,11.0,11.0,11.0,1.0,0.9166666666666666,0.9166666666666666
2019-05-18 09:55:00,1.0,0.0,11.0,11.0,11.0,1.0,0.8461538461538461,0.9166666666666666
2019-05-18 10:10:00,1.0,0.0,11.0,11.0,11.0,1.0,0.8461538461538461,0.9166666666666666
2019-05-18 10:25:00,1.0,0.0,11.0,11.0,11.0,0.0,0.9166666666666666,0.9166666666666666
2019-05-18 10:40:00,0.0,0.0,11.0,11.0,11.0,1.0,0.9166666666666666,0.9166666666666666
2019-05-18 10:55:00,1.0,0.0,12.0,12.0,12.0,1.0,0.8571428571428571,1.0
2019-05-18 11:10:00,0.0,0.0,12.0,12.0,12.0,1.0,0.9230769230769231,1.0
2019-05-18 11:25:00,0.0,0.0,11.0,11.0,11.0,1.0,0.9166666666666666,0.9166666666666666
2019-05-18 11:40:00,0.0,0.0,11.0,11.0,11.0,1.0,0.9166666666666666,0.9166666666666666
2019-05-18 12:00:00,0.0,0.0,11.0,11.0,11.0,1.0,0.9166666666666666,0.9166666666666666
2019-05-18 12:15:00,1.0,0.0,12.0,12.0,12.0,1.0,0.8571428571428571,1.0
2019-05-18 12:55:00,0.0,0.0,11.0,11.0,11.0,1.0,0.9166666666666666,0.9166666666666666
2019-05-18 13:10:00,0.0,0.0,11.0,11.0,11.0,1.0,0.9166666666666666,0.9166666666666666
2019-05-18 13:25:00,0.0,0.0,12.0,12.0,12.0,1.0,0.9230769230769231,1.0
2019-05-18 13:40:00,0.0,0.0,12.0,12.0,12.0,1.0,0.9230769230769231,1.0
2019-05-18 13:55:00,0.0,0.0,11.0,11.0,11.0,1.0,0.9166666666666666,0.9166666666666666
2019-05-18 14:10:00,1.0,0.0,12.0,12.0,12.0,1.0,0.8571428571428571,1.0
2019-05-18 14:25:00,0.0,0.0,11.0,11.0,11.0,1.0,0.9166666666666666,0.9166666666666666
2019-05-18 14:45:00,0.0,0.0,11.0,11.0,11.0,1.0,0.9166666666666666,0.9166666666666666
2019-05-18 15:00:00,1.0,0.0,12.0,12.0,12.0,1.0,0.8571428571428571,1.0
2019-05-18 15:15:00,1.0,0.0,11.0,11.0,11.0,1.0,0.8461538461538461,0.9166666666666666
2019-05-18 15:30:00,0.0,0.0,12.0,12.0,12.0,1.0,0.9230769230769231,1.0
2019-05-18 15:45:00,0.0,0.0,12.0,12.0,12.0,1.0,0.9230769230769231,1.0
2019-05-18 16:00:00,0.0,0.0,11.0,11.0,11.0,2.0,0.8461538461538461,0.9166666666666666
2019-05-18 16:15:00,1.0,0.0,11.0,11.0,11.0,1.0,0.8461538461538461,0.9166666666666666
2019-05-18 16:30:00,0.0,0.0,12.0,12.0,12.0,1.0,0.9230769230769231,1.0
2019-05-18 16:45:00,1.0,0.0,11.0,11.0,11.0,1.0,0.8461538461538461,0.9166666666666666
2019-05-18 17:00:00,0.0,0.0,11.0,11.0,11.0,1.0,0.9166666666666666,0.9166666666666666
2019-05-18 17:15:00,0.0,0.0,11.0,11.0,11.0,1.0,0.9166666666666666,0.9166666666666666
2019-05-18 17:30:00,1.0,0.0,11.0,11.0,11.0,1.0,0.8461538461538461,0.9166666666666666
2019-05-18 17:45:00,0.0,0.0,11.0,11.0,11.0,1.0,0.9166666666666666,0.9166666666666666
2019-05-18 18:00:00,0.0,0.0,11.0,11.0,11.0,1.0,0.9166666666666666,0.9166666666666666
2019-05-18 18:15:00,0.0,0.0,11.0,11.0,11.0,2.0,0.8461538461538461,0.9166666666666666
2019-05-18 18:30:00,1.0,0.0,11.0,11.0,11.0,1.0,0.8461538461538461,0.9166666666666666
2019-05-18 18:50:00,0.0,0.0,11.0,11.0,11.0,1.0,0.9166666666666666,0.9166666666666666
2019-05-18 19:05:00,1.0,0.0,11.0,11.0,11.0,1.0,0.8461538461538461,0.9166666666666666
2019-05-18 19:20:00,0.0,0.0,11.0,11.0,11.0,1.0,0.9166666666666666,0.9166666666666666
2019-05-18 19:35:00,1.0,0.0,11.0,11.0,11.0,1.0,0.8461538461538461,0.9166666666666666
2019-05-18 19:50:00,1.0,0.0,11.0,11.0,11.0,0.0,0.9166666666666666,0.9166666666666666
2019-05-18 20:05:00,1.0,0.0,11.0,11.0,11.0,1.0,0.8461538461538461,0.9166666666666666
2019-05-18 20:20:00,0.0,0.0,11.0,11.0,11.0,0.0,1.0,0.9166666666666666
2019-05-18 20:35:00,0.0,0.0,11.0,11.0,11.0,1.0,0.9166666666666666,0.9166666666666666
2019-05-18 20:50:00,0.0,0.0,12.0,12.0,12.0,0.0,1.0,1.0
2019-05-18 21:05:00,0.0,0.0,11.0,11.0,11.0,1.0,0.9166666666666666,0.9166666666666666
2019-05-18 21:20:00,0.0,0.0,11.0,11.0,11.0,1.0,0.9166666666666666,0.9166666666666666
2019-05-18 21:35:00,0.0,0.0,11.0,11.0,11.0,1.0,0.9166666666666666,0.9166666666666666
2019-05-18 21:50:00,0.0,0.0,11.0,11.0,11.0,1.0,0.9166666666666666,0.9166666666666666
2019-05-18 22:05:00,0.0,0.0,11.0,11.0,11.0,1.0,0.9166666666666666,0.9166666666666666
2019-05-18 22:20:00,0.0,0.0,11.0,11.0,11.0,1.0,0.9166666666666666,0.9166666666666666
2019-05-18 22:35:00,0.0,0.0,11.0,11.0,11.0,1.0,0.9166666666666666,0.9166666666666666
2019-05-18 22:55:00,0.0,0.0,11.0,11.0,11.0,1.0,0.9166666666666666,0.9166666666666666
2019-05-18 23:10:00,0.0,0.0,11.0,11.0,11.0,1.0,0.9166666666666666,0.9166666666666666
2019-05-18 23:25:00,0.0,0.0,11.0,11.0,11.0,1.0,0.9166666666666666,0.9166666666666666
2019-05-18 23:40:00,0.0,0.0,11.0,11.0,11.0,1.0,0.9166666666666666,0.9166666666666666
2019-05-18 23:55:00,0.0,0.0,11.0,11.0,11.0,1.0,0.9166666666666666,0.9166666666666666
2019-05-19 00:10:00,0.0,0.0,11.0,11.0,11.0,1.0,0.9166666666666666,0.9166666666666666
2019-05-19 00:25:00,0.0,0.0,12.0,12.0,12.0,1.0,0.9230769230769231,1.0
2019-05-19 00:40:00,1.0,0.0,11.0,11.0,11.0,1.0,0.8461538461538461,0.9166666666666666
2019-05-19 00:55:00,2.0,0.0,11.0,11.0,11.0,1.0,0.7857142857142857,0.9166666666666666
2019-05-19 01:30:00,0.0,0.0,11.0,11.0,11.0,1.0,0.9166666666666666,0.9166666666666666
2019-05-19 01:45:00,0.0,0.0,11.0,11.0,11.0,2.0,0.8461538461538461,0.9166666666666666
2019-05-19 02:00:00,0.0,0.0,11.0,11.0,11.0,1.0,0.9166666666666666,0.9166666666666666
2019-05-19 02:15:00,0.0,0.0,11.0,11.0,11.0,1.0,0.9166666666666666,0.9166666666666666
2019-05-19 02:30:00,0.0,0.0,11.0,11.0,11.0,0.0,1.0,0.9166666666666666
2019-05-19 02:45:00,0.0,0.0,11.0,11.0,11.0,1.0,0.9166666666666666,0.9166666666666666
2019-05-19 03:00:00,0.0,0.0,11.0,11.0,11.0,1.0,0.9166666666666666,0.9166666666666666
2019-05-19 03:20:00,1.0,0.0,11.0,11.0,11.0,1.0,0.8461538461538461,0.9166666666666666
2019-05-19 03:35:00,0.0,0.0,11.0,11.0,11.0,1.0,0.9166666666666666,0.9166666666666666
2019-05-19 03:50:00,0.0,0.0,11.0,11.0,11.0,1.0,0.9166666666666666,0.9166666666666666
2019-05-19 04:05:00,0.0,0.0,11.0,11.0,11.0,1.0,0.9166666666666666,0.9166666666666666
2019-05-19 04:20:00,0.0,0.0,11.0,11.0,11.0,1.0,0.9166666666666666,0.9166666666666666
2019-05-19 05:05:00,1.0,0.0,11.0,11.0,11.0,1.0,0.8461538461538461,0.9166666666666666
2019-05-19 05:20:00,0.0,0.0,11.0,11.0,11.0,1.0,0.9166666666666666,0.9166666666666666
2019-05-19 05:35:00,0.0,0.0,11.0,11.0,11.0,1.0,0.9166666666666666,0.9166666666666666
2019-05-19 05:50:00,1.0,0.0,11.0,11.0,11.0,1.0,0.8461538461538461,0.9166666666666666
2019-05-19 06:05:00,0.0,0.0,11.0,11.0,11.0,1.0,0.9166666666666666,0.9166666666666666
2019-05-19 06:20:00,0.0,0.0,11.0,11.0,11.0,1.0,0.9166666666666666,0.9166666666666666
2019-05-19 06:40:00,0.0,0.0,11.0,11.0,11.0,1.0,0.9166666666666666,0.9166666666666666
2019-05-19 06:55:00,0.0,0.0,11.0,11.0,11.0,1.0,0.9166666666666666,0.9166666666666666
2019-05-19 07:10:00,1.0,0.0,11.0,11.0,11.0,2.0,0.7857142857142857,0.9166666666666666
2019-05-19 07:25:00,0.0,0.0,11.0,11.0,11.0,1.0,0.9166666666666666,0.9166666666666666
2019-05-19 07:40:00,0.0,0.0,11.0,11.0,11.0,1.0,0.9166666666666666,0.9166666666666666
2019-05-19 07:55:00,0.0,0.0,11.0,11.0,11.0,1.0,0.9166666666666666,0.9166666666666666
2019-05-19 08:10:00,0.0,0.0,11.0,11.0,11.0,1.0,0.9166666666666666,0.9166666666666666
2019-05-19 08:25:00,1.0,0.0,11.0,11.0,11.0,1.0,0.8461538461538461,0.9166666666666666
2019-05-19 08:40:00,0.0,0.0,11.0,11.0,11.0,1.0,0.9166666666666666,0.9166666666666666
2019-05-19 08:55:00,1.0,0.0,11.0,11.0,11.0,1.0,0.8461538461538461,0.9166666666666666
2019-05-19 09:10:00,1.0,0.0,11.0,11.0,11.0,1.0,0.8461538461538461,0.9166666666666666
2019-05-19 09:25:00,0.0,0.0,11.0,11.0,11.0,1.0,0.9166666666666666,0.9166666666666666
2019-05-19 09:40:00,0.0,0.0,11.0,11.0,11.0,1.0,0.9166666666666666,0.9166666666666666
2019-05-19 09:55:00,1.0,0.0,11.0,11.0,11.0,1.0,0.8461538461538461,0.9166666666666666
2019-05-19 10:15:00,0.0,0.0,11.0,11.0,11.0,1.0,0.9166666666666666,0.9166666666666666
2019-05-19 10:30:00,1.0,0.0,11.0,11.0,11.0,2.0,0.7857142857142857,0.9166666666666666
2019-05-19 10:45:00,0.0,0.0,11.0,11.0,11.0,1.0,0.9166666666666666,0.9166666666666666
2019-05-19 11:00:00,1.0,0.0,11.0,11.0,11.0,1.0,0.8461538461538461,0.9166666666666666
2019-05-19 11:15:00,1.0,0.0,11.0,11.0,11.0,1.0,0.8461538461538461,0.9166666666666666
2019-05-19 11:30:00,1.0,0.0,11.0,11.0,11.0,1.0,0.8461538461538461,0.9166666666666666
2019-05-19 11:45:00,0.0,0.0,11.0,11.0,11.0,1.0,0.9166666666666666,0.9166666666666666
2019-05-19 12:00:00,1.0,0.0,11.0,11.0,11.0,1.0,0.8461538461538461,0.9166666666666666
2019-05-19 12:15:00,1.0,0.0,11.0,11.0,11.0,1.0,0.8461538461538461,0.9166666666666666
2019-05-19 12:30:00,1.0,0.0,12.0,12.0,12.0,1.0,0.8571428571428571,1.0
2019-05-19 12:45:00,1.0,0.0,11.0,11.0,11.0,1.0,0.8461538461538461,0.9166666666666666
2019-05-19 13:00:00,1.0,0.0,12.0,12.0,12.0,0.0,0.9230769230769231,1.0
2019-05-19 13:15:00,0.0,0.0,12.0,12.0,12.0,1.0,0.9230769230769231,1.0
2019-05-19 13:50:00,1.0,0.0,12.0,12.0,12.0,1.0,0.8571428571428571,1.0
2019-05-19 14:05:00,1.0,0.0,11.0,11.0,11.0,1.0,0.8461538461538461,0.9166666666666666
2019-05-19 14:20:00,0.0,0.0,11.0,11.0,11.0,1.0,0.9166666666666666,0.9166666666666666
2019-05-19 14:35:00,0.0,0.0,11.0,11.0,11.0,1.0,0.9166666666666666,0.9166666666666666
2019-05-19 14:50:00,1.0,0.0,11.0,11.0,11.0,1.0,0.8461538461538461,0.9166666666666666
2019-05-19 15:05:00,0.0,0.0,11.0,11.0,11.0,1.0,0.9166666666666666,0.9166666666666666
2019-05-19 15:20:00,1.0,0.0,11.0,11.0,11.0,1.0,0.8461538461538461,0.9166666666666666
2019-05-19 15:35:00,0.0,0.0,11.0,11.0,11.0,1.0,0.9166666666666666,0.9166666666666666
2019-05-19 15:50:00,0.0,0.0,11.0,11.0,11.0,1.0,0.9166666666666666,0.9166666666666666
2019-05-19 16:05:00,1.0,0.0,11.0,11.0,11.0,1.0,0.8461538461538461,0.9166666666666666
2019-05-19 16:20:00,0.0,0.0,11.0,11.0,11.0,1.0,0.9166666666666666,0.9166666666666666
2019-05-19 16:35:00,0.0,0.0,12.0,12.0,12.0,1.0,0.9230769230769231,1.0
2019-05-19 16:50:00,0.0,0.0,11.0,11.0,11.0,1.0,0.9166666666666666,0.9166666666666666
2019-05-19 17:40:00,1.0,0.0,11.0,11.0,11.0,1.0,0.8461538461538461,0.9166666666666666
2019-05-19 17:55:00,0.0,0.0,11.0,11.0,11.0,2.0,0.8461538461538461,0.9166666666666666
2019-05-19 18:10:00,0.0,0.0,11.0,11.0,11.0,1.0,0.9166666666666666,0.9166666666666666
2019-05-19 18:25:00,1.0,0.0,11.0,11.0,11.0,0.0,0.9166666666666666,0.9166666666666666
2019-05-19 18:40:00,0.0,0.0,11.0,11.0,11.0,1.0,0.9166666666666666,0.9166666666666666
2019-05-19 18:55:00,0.0,0.0,11.0,11.0,11.0,1.0,0.9166666666666666,0.9166666666666666
2019-05-19 19:10:00,0.0,0.0,11.0,11.0,11.0,1.0,0.9166666666666666,0.9166666666666666
2019-05-19 19:25:00,0.0,0.0,11.0,11.0,11.0,1.0,0.9166666666666666,0.9166666666666666
2019-05-19 19:45:00,0.0,0.0,11.0,11.0,11.0,1.0,0.9166666666666666,0.9166666666666666
2019-05-19 20:00:00,0.0,0.0,11.0,11.0,11.0,1.0,0.9166666666666666,0.9166666666666666
2019-05-19 20:15:00,0.0,0.0,11.0,11.0,11.0,1.0,0.9166666666666666,0.9166666666666666
2019-05-19 20:30:00,0.0,0.0,11.0,11.0,11.0,1.0,0.9166666666666666,0.9166666666666666
2019-05-19 21:15:00,1.0,0.0,11.0,11.0,11.0,1.0,0.8461538461538461,0.9166666666666666
2019-05-19 21:30:00,0.0,0.0,11.0,11.0,11.0,1.0,0.9166666666666666,0.9166666666666666
2019-05-19 21:45:00,0.0,0.0,11.0,11.0,11.0,1.0,0.9166666666666666,0.9166666666666666
2019-05-19 22:00:00,0.0,0.0,11.0,11.0,11.0,2.0,0.8461538461538461,0.9166666666666666
2019-05-19 22:15:00,0.0,0.0,10.0,10.0,10.0,2.0,0.8333333333333334,0.8333333333333334
2019-05-19 22:30:00,1.0,0.0,11.0,11.0,11.0,1.0,0.8461538461538461,0.9166666666666666
2019-05-19 22:45:00,1.0,0.0,11.0,11.0,11.0,1.0,0.8461538461538461,0.9166666666666666
2019-05-19 23:00:00,1.0,0.0,11.0,11.0,11.0,1.0,0.8461538461538461,0.9166666666666666
2019-05-19 23:15:00,1.0,0.0,11.0,11.0,11.0,1.0,0.8461538461538461,0.9166666666666666
2019-05-19 23:30:00,0.0,0.0,11.0,11.0,11.0,1.0,0.9166666666666666,0.9166666666666666
2019-05-19 23:45:00,0.0,0.0,11.0,11.0,11.0,1.0,0.9166666666666666,0.9166666666666666
2019-05-20 00:00:00,0.0,0.0,11.0,11.0,11.0,1.0,0.9166666666666666,0.9166666666666666
2019-05-20 00:20:00,0.0,0.0,11.0,11.0,11.0,2.0,0.8461538461538461,0.9166666666666666
2019-05-20 00:35:00,0.0,0.0,11.0,11.0,11.0,2.0,0.8461538461538461,0.9166666666666666
2019-05-20 00:50:00,0.0,0.0,11.0,11.0,11.0,2.0,0.8461538461538461,0.9166666666666666
2019-05-20 01:05:00,0.0,0.0,11.0,11.0,11.0,1.0,0.9166666666666666,0.9166666666666666
2019-05-20 01:20:00,0.0,0.0,11.0,11.0,11.0,1.0,0.9166666666666666,0.9166666666666666
2019-05-20 01:35:00,0.0,0.0,11.0,11.0,11.0,2.0,0.8461538461538461,0.9166666666666666
2019-05-20 01:50:00,0.0,0.0,11.0,11.0,11.0,1.0,0.9166666666666666,0.9166666666666666
2019-05-20 02:05:00,0.0,0.0,11.0,11.0,11.0,1.0,0.9166666666666666,0.9166666666666666
2019-05-20 02:20:00,0.0,0.0,11.0,11.0,11.0,1.0,0.9166666666666666,0.9166666666666666
2019-05-20 02:35:00,1.0,0.0,11.0,11.0,11.0,1.0,0.8461538461538461,0.9166666666666666
2019-05-20 02:50:00,1.0,0.0,11.0,11.0,11.0,1.0,0.8461538461538461,0.9166666666666666
2019-05-20 03:05:00,0.0,0.0,11.0,11.0,11.0,1.0,0.9166666666666666,0.9166666666666666
2019-05-20 03:20:00,0.0,0.0,11.0,11.0,11.0,1.0,0.9166666666666666,0.9166666666666666
2019-05-20 03:40:00,0.0,0.0,11.0,11.0,11.0,1.0,0.9166666666666666,0.9166666666666666
2019-05-20 03:55:00,1.0,0.0,11.0,11.0,11.0,1.0,0.8461538461538461,0.9166666666666666
2019-05-20 04:10:00,0.0,0.0,11.0,11.0,11.0,1.0,0.9166666666666666,0.9166666666666666
2019-05-20 04:25:00,0.0,0.0,11.0,11.0,11.0,1.0,0.9166666666666666,0.9166666666666666
2019-05-20 04:40:00,0.0,0.0,11.0,11.0,11.0,1.0,0.9166666666666666,0.9166666666666666
2019-05-20 04:55:00,1.0,0.0,11.0,11.0,11.0,1.0,0.8461538461538461,0.9166666666666666
2019-05-20 05:10:00,0.0,0.0,12.0,12.0,12.0,1.0,0.9230769230769231,1.0
2019-05-20 05:25:00,0.0,0.0,12.0,12.0,12.0,0.0,1.0,1.0
2019-05-20 05:40:00,0.0,0.0,11.0,11.0,11.0,1.0,0.9166666666666666,0.9166666666666666
2019-05-20 05:55:00,1.0,0.0,12.0,12.0,12.0,1.0,0.8571428571428571,1.0
2019-05-20 06:10:00,0.0,0.0,11.0,11.0,11.0,1.0,0.9166666666666666,0.9166666666666666
2019-05-20 06:25:00,1.0,0.0,12.0,12.0,12.0,0.0,0.9230769230769231,1.0
2019-05-20 06:40:00,0.0,0.0,11.0,11.0,11.0,1.0,0.9166666666666666,0.9166666666666666
2019-05-20 06:55:00,0.0,0.0,12.0,12.0,12.0,1.0,0.9230769230769231,1.0
2019-05-20 07:10:00,0.0,0.0,11.0,11.0,11.0,1.0,0.9166666666666666,0.9166666666666666
2019-05-20 07:25:00,0.0,0.0,12.0,12.0,12.0,1.0,0.9230769230769231,1.0
2019-05-20 07:45:00,1.0,0.0,11.0,11.0,11.0,1.0,0.8461538461538461,0.9166666666666666
2019-05-20 08:00:00,0.0,0.0,12.0,12.0,12.0,0.0,1.0,1.0
2019-05-20 08:15:00,0.0,0.0,12.0,12.0,12.0,0.0,1.0,1.0
2019-05-20 08:30:00,0.0,0.0,12.0,12.0,12.0,0.0,1.0,1.0
2019-05-20 08:45:00,1.0,0.0,11.0,12.0,11.0,1.0,0.7857142857142857,0.9166666666666666
2019-05-20 09:00:00,1.0,0.0,11.0,11.0,11.0,1.0,0.8461538461538461,0.9166666666666666
2019-05-20 09:15:00,1.0,0.0,12.0,12.0,12.0,1.0,0.8571428571428571,1.0
2019-05-20 09:55:00,0.0,0.0,11.0,11.0,11.0,1.0,0.9166666666666666,0.9166666666666666
2019-05-20 10:10:00,0.0,0.0,11.0,11.0,11.0,1.0,0.9166666666666666,0.9166666666666666
2019-05-20 10:25:00,1.0,0.0,12.0,12.0,12.0,1.0,0.8571428571428571,1.0
2019-05-20 10:40:00,1.0,0.0,11.0,11.0,11.0,1.0,0.8461538461538461,0.9166666666666666
2019-05-20 10:55:00,0.0,0.0,12.0,12.0,12.0,1.0,0.9230769230769231,1.0
2019-05-20 11:10:00,1.0,0.0,11.0,11.0,11.0,1.0,0.8461538461538461,0.9166666666666666
2019-05-20 11:25:00,1.0,0.0,11.0,11.0,11.0,1.0,0.8461538461538461,0.9166666666666666
2019-05-20 11:40:00,1.0,0.0,12.0,12.0,12.0,1.0,0.8571428571428571,1.0
2019-05-20 12:00:00,1.0,0.0,11.0,11.0,11.0,1.0,0.8461538461538461,0.9166666666666666
2019-05-20 12:15:00,1.0,0.0,11.0,11.0,11.0,1.0,0.8461538461538461,0.9166666666666666
2019-05-20 12:30:00,1.0,0.0,11.0,11.0,11.0,1.0,0.8461538461538461,0.9166666666666666
2019-05-20 12:45:00,0.0,0.0,11.0,11.0,11.0,1.0,0.9166666666666666,0.9166666666666666
2019-05-20 13:25:00,1.0,0.0,11.0,11.0,11.0,1.0,0.8461538461538461,0.9166666666666666
2019-05-20 13:40:00,0.0,0.0,11.0,11.0,11.0,1.0,0.9166666666666666,0.9166666666666666
2019-05-20 13:55:00,1.0,0.0,11.0,11.0,11.0,1.0,0.8461538461538461,0.9166666666666666
2019-05-20 14:10:00,0.0,0.0,11.0,11.0,11.0,1.0,0.9166666666666666,0.9166666666666666
2019-05-20 14:25:00,0.0,0.0,11.0,11.0,11.0,1.0,0.9166666666666666,0.9166666666666666
2019-05-20 14:40:00,1.0,0.0,11.0,11.0,11.0,1.0,0.8461538461538461,0.9166666666666666
2019-05-20 15:00:00,1.0,0.0,12.0,12.0,12.0,0.0,0.9230769230769231,1.0
2019-05-20 15:15:00,0.0,0.0,12.0,12.0,12.0,1.0,0.9230769230769231,1.0
2019-05-20 15:30:00,0.0,0.0,11.0,11.0,11.0,1.0,0.9166666666666666,0.9166666666666666
2019-05-20 15:45:00,0.0,0.0,11.0,11.0,11.0,1.0,0.9166666666666666,0.9166666666666666
2019-05-20 16:00:00,0.0,0.0,11.0,11.0,11.0,1.0,0.9166666666666666,0.9166666666666666
2019-05-20 16:15:00,0.0,0.0,11.0,11.0,11.0,1.0,0.9166666666666666,0.9166666666666666
2019-05-20 16:30:00,0.0,0.0,11.0,11.0,11.0,1.0,0.9166666666666666,0.9166666666666666
2019-05-20 16:45:00,0.0,0.0,11.0,11.0,11.0,1.0,0.9166666666666666,0.9166666666666666
2019-05-20 17:00:00,1.0,0.0,11.0,11.0,11.0,0.0,0.9166666666666666,0.9166666666666666
2019-05-20 17:15:00,0.0,0.0,11.0,11.0,11.0,1.0,0.9166666666666666,0.9166666666666666
2019-05-20 17:30:00,1.0,0.0,11.0,11.0,11.0,1.0,0.8461538461538461,0.9166666666666666
2019-05-20 17:45:00,0.0,0.0,11.0,11.0,11.0,1.0,0.9166666666666666,0.9166666666666666
2019-05-20 18:00:00,0.0,0.0,11.0,11.0,11.0,1.0,0.9166666666666666,0.9166666666666666
2019-05-20 18:15:00,0.0,0.0,11.0,11.0,11.0,0.0,1.0,0.9166666666666666
2019-05-20 18:30:00,0.0,0.0,11.0,11.0,11.0,1.0,0.9166666666666666,0.9166666666666666
2019-05-20 18:50:00,0.0,0.0,11.0,11.0,11.0,1.0,0.9166666666666666,0.9166666666666666
2019-05-20 19:05:00,0.0,0.0,11.0,11.0,11.0,1.0,0.9166666666666666,0.9166666666666666
2019-05-20 19:20:00,0.0,0.0,11.0,11.0,11.0,1.0,0.9166666666666666,0.9166666666666666
2019-05-20 19:35:00,0.0,0.0,11.0,11.0,11.0,1.0,0.9166666666666666,0.9166666666666666
2019-05-20 19:50:00,0.0,0.0,11.0,11.0,11.0,2.0,0.8461538461538461,0.9166666666666666
2019-05-20 20:05:00,0.0,0.0,11.0,11.0,11.0,1.0,0.9166666666666666,0.9166666666666666
2019-05-20 20:20:00,0.0,0.0,11.0,11.0,11.0,1.0,0.9166666666666666,0.9166666666666666
2019-05-20 20:35:00,0.0,0.0,11.0,11.0,11.0,1.0,0.9166666666666666,0.9166666666666666
2019-05-20 20:50:00,0.0,0.0,11.0,11.0,11.0,1.0,0.9166666666666666,0.9166666666666666
2019-05-20 21:05:00,0.0,0.0,11.0,11.0,11.0,1.0,0.9166666666666666,0.9166666666666666
2019-05-20 21:20:00,0.0,0.0,12.0,12.0,12.0,0.0,1.0,1.0
2019-05-20 21:35:00,1.0,0.0,12.0,12.0,12.0,1.0,0.8571428571428571,1.0
2019-05-20 21:50:00,1.0,0.0,11.0,11.0,11.0,1.0,0.8461538461538461,0.9166666666666666
2019-05-20 22:05:00,0.0,0.0,11.0,11.0,11.0,1.0,0.9166666666666666,0.9166666666666666
2019-05-20 22:20:00,0.0,0.0,11.0,11.0,11.0,2.0,0.8461538461538461,0.9166666666666666
2019-05-20 22:40:00,0.0,0.0,11.0,11.0,11.0,1.0,0.9166666666666666,0.9166666666666666
2019-05-20 22:55:00,0.0,0.0,11.0,11.0,11.0,1.0,0.9166666666666666,0.9166666666666666
2019-05-20 23:10:00,0.0,0.0,11.0,11.0,11.0,1.0,0.9166666666666666,0.9166666666666666
2019-05-20 23:25:00,0.0,0.0,11.0,11.0,11.0,1.0,0.9166666666666666,0.9166666666666666
2019-05-20 23:40:00,1.0,0.0,11.0,11.0,11.0,2.0,0.7857142857142857,0.9166666666666666
2019-05-20 23:55:00,0.0,0.0,11.0,11.0,11.0,2.0,0.8461538461538461,0.9166666666666666
2019-05-21 00:10:00,1.0,0.0,11.0,11.0,11.0,1.0,0.8461538461538461,0.9166666666666666
2019-05-21 00:25:00,0.0,0.0,11.0,11.0,11.0,1.0,0.9166666666666666,0.9166666666666666
2019-05-21 00:40:00,1.0,0.0,11.0,11.0,11.0,1.0,0.8461538461538461,0.9166666666666666
2019-05-21 00:55:00,1.0,0.0,12.0,12.0,12.0,1.0,0.8571428571428571,1.0
2019-05-21 01:10:00,0.0,0.0,11.0,11.0,11.0,1.0,0.9166666666666666,0.9166666666666666
2019-05-21 01:25:00,1.0,0.0,10.0,10.0,10.0,3.0,0.7142857142857143,0.8333333333333334
2019-05-21 02:00:00,0.0,0.0,11.0,11.0,11.0,1.0,0.9166666666666666,0.9166666666666666
2019-05-21 02:15:00,0.0,0.0,11.0,11.0,11.0,1.0,0.9166666666666666,0.9166666666666666
2019-05-21 02:30:00,1.0,0.0,11.0,11.0,11.0,1.0,0.8461538461538461,0.9166666666666666
2019-05-21 02:50:00,0.0,0.0,11.0,11.0,11.0,1.0,0.9166666666666666,0.9166666666666666
2019-05-21 03:05:00,0.0,0.0,11.0,11.0,11.0,1.0,0.9166666666666666,0.9166666666666666
2019-05-21 03:20:00,0.0,0.0,11.0,11.0,11.0,1.0,0.9166666666666666,0.9166666666666666
2019-05-21 03:35:00,0.0,0.0,11.0,11.0,11.0,1.0,0.9166666666666666,0.9166666666666666
2019-05-21 03:50:00,0.0,0.0,11.0,11.0,11.0,2.0,0.8461538461538461,0.9166666666666666
2019-05-21 04:05:00,0.0,0.0,11.0,11.0,11.0,1.0,0.9166666666666666,0.9166666666666666
2019-05-21 04:20:00,0.0,0.0,11.0,11.0,11.0,1.0,0.9166666666666666,0.9166666666666666
2019-05-21 04:35:00,1.0,0.0,11.0,11.0,11.0,1.0,0.8461538461538461,0.9166666666666666
2019-05-21 04:50:00,0.0,0.0,11.0,11.0,11.0,1.0,0.9166666666666666,0.9166666666666666
2019-05-21 05:20:00,0.0,0.0,0.0,12.0,0.0,1.0,0.0,0.0
2019-05-21 05:35:00,1.0,0.0,12.0,12.0,12.0,1.0,0.8571428571428571,1.0
2019-05-21 05:50:00,0.0,0.0,12.0,12.0,12.0,1.0,0.9230769230769231,1.0
2019-05-21 06:05:00,0.0,0.0,11.0,11.0,11.0,1.0,0.9166666666666666,0.9166666666666666
2019-05-21 06:20:00,0.0,0.0,11.0,11.0,11.0,1.0,0.9166666666666666,0.9166666666666666
2019-05-21 06:35:00,0.0,0.0,11.0,11.0,11.0,1.0,0.9166666666666666,0.9166666666666666
2019-05-21 06:40:00,0.0,0.0,0.0,11.0,0.0,1.0,0.0,0.0
2019-05-21 06:55:00,1.0,0.0,11.0,11.0,11.0,1.0,0.8461538461538461,0.9166666666666666
2019-05-21 07:10:00,0.0,0.0,11.0,11.0,11.0,1.0,0.9166666666666666,0.9166666666666666
2019-05-21 07:25:00,1.0,0.0,11.0,11.0,11.0,1.0,0.8461538461538461,0.9166666666666666
2019-05-21 07:40:00,0.0,0.0,12.0,12.0,12.0,1.0,0.9230769230769231,1.0
2019-05-21 07:55:00,0.0,0.0,11.0,11.0,11.0,1.0,0.9166666666666666,0.9166666666666666
2019-05-21 08:10:00,0.0,0.0,12.0,12.0,12.0,1.0,0.9230769230769231,1.0
2019-05-21 08:25:00,0.0,0.0,11.0,11.0,11.0,1.0,0.9166666666666666,0.9166666666666666
2019-05-21 08:40:00,1.0,0.0,10.0,10.0,10.0,1.0,0.8333333333333334,0.8333333333333334
2019-05-21 08:55:00,1.0,0.0,11.0,11.0,11.0,1.0,0.8461538461538461,0.9166666666666666
2019-05-21 09:10:00,0.0,0.0,10.0,10.0,10.0,1.0,0.9090909090909091,0.8333333333333334
2019-05-21 09:25:00,1.0,0.0,11.0,11.0,11.0,1.0,0.8461538461538461,0.9166666666666666
2019-05-21 09:40:00,0.0,0.0,11.0,11.0,11.0,1.0,0.9166666666666666,0.9166666666666666
2019-05-21 09:55:00,0.0,0.0,11.0,11.0,11.0,1.0,0.9166666666666666,0.9166666666666666
2019-05-21 10:10:00,0.0,0.0,12.0,12.0,12.0,1.0,0.9230769230769231,1.0
2019-05-21 10:25:00,1.0,0.0,11.0,11.0,11.0,1.0,0.8461538461538461,0.9166666666666666
2019-05-21 10:45:00,0.0,0.0,11.0,11.0,11.0,1.0,0.9166666666666666,0.9166666666666666
2019-05-21 11:00:00,0.0,0.0,11.0,11.0,11.0,1.0,0.9166666666666666,0.9166666666666666
2019-05-21 11:15:00,1.0,0.0,11.0,11.0,11.0,1.0,0.8461538461538461,0.9166666666666666
2019-05-21 11:30:00,0.0,0.0,11.0,11.0,11.0,1.0,0.9166666666666666,0.9166666666666666
2019-05-21 11:45:00,1.0,0.0,11.0,11.0,11.0,0.0,0.9166666666666666,0.9166666666666666
2019-05-21 12:00:00,0.0,0.0,12.0,12.0,12.0,1.0,0.9230769230769231,1.0
2019-05-21 12:15:00,0.0,0.0,12.0,12.0,12.0,1.0,0.9230769230769231,1.0
2019-05-21 12:30:00,0.0,0.0,11.0,11.0,11.0,1.0,0.9166666666666666,0.9166666666666666
2019-05-21 12:45:00,1.0,0.0,11.0,11.0,11.0,1.0,0.8461538461538461,0.9166666666666666
2019-05-21 13:00:00,1.0,0.0,11.0,11.0,11.0,1.0,0.8461538461538461,0.9166666666666666
2019-05-21 13:15:00,0.0,0.0,11.0,11.0,11.0,1.0,0.9166666666666666,0.9166666666666666
2019-05-21 13:30:00,1.0,0.0,12.0,12.0,12.0,1.0,0.8571428571428571,1.0
2019-05-21 13:45:00,1.0,0.0,11.0,11.0,11.0,1.0,0.8461538461538461,0.9166666666666666
2019-05-21 14:00:00,0.0,0.0,11.0,11.0,11.0,1.0,0.9166666666666666,0.9166666666666666
2019-05-21 14:35:00,1.0,0.0,11.0,11.0,11.0,1.0,0.8461538461538461,0.9166666666666666
2019-05-21 14:50:00,1.0,0.0,11.0,11.0,11.0,0.0,0.9166666666666666,0.9166666666666666
2019-05-21 15:05:00,0.0,0.0,11.0,11.0,11.0,1.0,0.9166666666666666,0.9166666666666666
2019-05-21 15:20:00,1.0,0.0,11.0,11.0,11.0,1.0,0.8461538461538461,0.9166666666666666
2019-05-21 15:35:00,0.0,0.0,11.0,11.0,11.0,1.0,0.9166666666666666,0.9166666666666666
2019-05-21 15:50:00,0.0,0.0,11.0,11.0,11.0,1.0,0.9166666666666666,0.9166666666666666
2019-05-21 16:05:00,0.0,0.0,11.0,12.0,11.0,1.0,0.8461538461538461,0.9166666666666666
2019-05-21 16:20:00,1.0,0.0,11.0,11.0,11.0,1.0,0.8461538461538461,0.9166666666666666
2019-05-21 16:35:00,0.0,0.0,12.0,12.0,12.0,1.0,0.9230769230769231,1.0
2019-05-21 16:50:00,0.0,0.0,11.0,11.0,11.0,1.0,0.9166666666666666,0.9166666666666666
2019-05-21 17:05:00,0.0,0.0,12.0,12.0,12.0,0.0,1.0,1.0
2019-05-21 17:20:00,0.0,0.0,11.0,11.0,11.0,1.0,0.9166666666666666,0.9166666666666666
2019-05-21 18:10:00,0.0,0.0,11.0,11.0,11.0,1.0,0.9166666666666666,0.9166666666666666
2019-05-21 18:25:00,0.0,0.0,11.0,11.0,11.0,0.0,1.0,0.9166666666666666
2019-05-21 18:40:00,0.0,0.0,11.0,11.0,11.0,1.0,0.9166666666666666,0.9166666666666666
2019-05-21 18:55:00,1.0,0.0,11.0,11.0,11.0,1.0,0.8461538461538461,0.9166666666666666
2019-05-21 19:10:00,1.0,0.0,11.0,11.0,11.0,1.0,0.8461538461538461,0.9166666666666666
2019-05-21 19:25:00,1.0,0.0,11.0,11.0,11.0,1.0,0.8461538461538461,0.9166666666666666
2019-05-21 19:40:00,0.0,0.0,11.0,11.0,11.0,1.0,0.9166666666666666,0.9166666666666666
2019-05-21 19:55:00,0.0,0.0,11.0,11.0,11.0,1.0,0.9166666666666666,0.9166666666666666
2019-05-21 20:15:00,0.0,0.0,11.0,11.0,11.0,1.0,0.9166666666666666,0.9166666666666666
2019-05-21 20:30:00,0.0,0.0,11.0,11.0,11.0,1.0,0.9166666666666666,0.9166666666666666
2019-05-21 20:45:00,0.0,0.0,11.0,11.0,11.0,1.0,0.9166666666666666,0.9166666666666666
2019-05-21 21:00:00,0.0,0.0,11.0,11.0,11.0,1.0,0.9166666666666666,0.9166666666666666
2019-05-21 21:45:00,0.0,0.0,11.0,11.0,11.0,1.0,0.9166666666666666,0.9166666666666666
2019-05-21 22:00:00,1.0,0.0,11.0,11.0,11.0,1.0,0.8461538461538461,0.9166666666666666
2019-05-21 22:15:00,1.0,0.0,11.0,11.0,11.0,1.0,0.8461538461538461,0.9166666666666666
2019-05-21 22:30:00,1.0,0.0,11.0,11.0,11.0,1.0,0.8461538461538461,0.9166666666666666
2019-05-21 22:45:00,1.0,0.0,11.0,11.0,11.0,1.0,0.8461538461538461,0.9166666666666666
2019-05-21 23:00:00,1.0,0.0,11.0,11.0,11.0,1.0,0.8461538461538461,0.9166666666666666
2019-05-21 23:15:00,0.0,0.0,11.0,11.0,11.0,1.0,0.9166666666666666,0.9166666666666666
2019-05-21 23:30:00,1.0,0.0,11.0,11.0,11.0,1.0,0.8461538461538461,0.9166666666666666
2019-05-21 23:45:00,0.0,0.0,11.0,11.0,11.0,0.0,1.0,0.9166666666666666
2019-05-22 00:00:00,0.0,0.0,11.0,11.0,11.0,0.0,1.0,0.9166666666666666
2019-05-22 00:20:00,0.0,0.0,12.0,12.0,12.0,1.0,0.9230769230769231,1.0
2019-05-22 00:35:00,0.0,0.0,11.0,11.0,11.0,1.0,0.9166666666666666,0.9166666666666666
2019-05-22 00:50:00,0.0,0.0,11.0,11.0,11.0,1.0,0.9166666666666666,0.9166666666666666
2019-05-22 01:05:00,1.0,0.0,11.0,11.0,11.0,1.0,0.8461538461538461,0.9166666666666666
2019-05-22 01:20:00,0.0,0.0,12.0,12.0,12.0,1.0,0.9230769230769231,1.0
2019-05-22 01:35:00,0.0,0.0,11.0,11.0,11.0,1.0,0.9166666666666666,0.9166666666666666
2019-05-22 01:50:00,0.0,0.0,11.0,11.0,11.0,1.0,0.9166666666666666,0.9166666666666666
2019-05-22 02:05:00,0.0,0.0,11.0,11.0,11.0,1.0,0.9166666666666666,0.9166666666666666
2019-05-22 02:20:00,0.0,0.0,11.0,11.0,11.0,1.0,0.9166666666666666,0.9166666666666666
2019-05-22 02:35:00,0.0,0.0,11.0,11.0,11.0,1.0,0.9166666666666666,0.9166666666666666
2019-05-22 02:50:00,0.0,0.0,11.0,11.0,11.0,1.0,0.9166666666666666,0.9166666666666666
2019-05-22 03:35:00,0.0,0.0,11.0,11.0,11.0,1.0,0.9166666666666666,0.9166666666666666
2019-05-22 03:50:00,1.0,0.0,11.0,11.0,11.0,1.0,0.8461538461538461,0.9166666666666666
2019-05-22 04:05:00,1.0,0.0,11.0,11.0,11.0,0.0,0.9166666666666666,0.9166666666666666
2019-05-22 04:20:00,1.0,0.0,12.0,12.0,12.0,1.0,0.8571428571428571,1.0
2019-05-22 04:35:00,1.0,0.0,11.0,11.0,11.0,1.0,0.8461538461538461,0.9166666666666666
2019-05-22 04:50:00,0.0,0.0,11.0,11.0,11.0,1.0,0.9166666666666666,0.9166666666666666
2019-05-22 05:05:00,0.0,0.0,12.0,12.0,12.0,0.0,1.0,1.0
2019-05-22 05:20:00,1.0,0.0,11.0,11.0,11.0,1.0,0.8461538461538461,0.9166666666666666
2019-05-22 05:40:00,1.0,0.0,12.0,12.0,12.0,1.0,0.8571428571428571,1.0
2019-05-22 05:55:00,1.0,0.0,11.0,11.0,11.0,1.0,0.8461538461538461,0.9166666666666666
2019-05-22 06:10:00,0.0,0.0,11.0,11.0,11.0,1.0,0.9166666666666666,0.9166666666666666
2019-05-22 06:25:00,0.0,0.0,11.0,11.0,11.0,1.0,0.9166666666666666,0.9166666666666666
2019-05-22 06:40:00,1.0,0.0,11.0,11.0,11.0,1.0,0.8461538461538461,0.9166666666666666
2019-05-22 06:55:00,0.0,0.0,11.0,11.0,11.0,1.0,0.9166666666666666,0.9166666666666666
2019-05-22 07:10:00,1.0,0.0,10.0,10.0,10.0,1.0,0.8333333333333334,0.8333333333333334
2019-05-22 07:25:00,1.0,0.0,11.0,11.0,11.0,1.0,0.8461538461538461,0.9166666666666666
2019-05-22 07:40:00,1.0,0.0,12.0,12.0,12.0,1.0,0.8571428571428571,1.0
2019-05-22 07:55:00,0.0,0.0,11.0,11.0,11.0,1.0,0.9166666666666666,0.9166666666666666
2019-05-22 08:10:00,0.0,0.0,11.0,11.0,11.0,1.0,0.9166666666666666,0.9166666666666666
2019-05-22 08:25:00,1.0,0.0,11.0,11.0,11.0,1.0,0.8461538461538461,0.9166666666666666
2019-05-22 08:40:00,1.0,0.0,11.0,11.0,11.0,1.0,0.8461538461538461,0.9166666666666666
2019-05-22 08:55:00,0.0,0.0,11.0,11.0,11.0,1.0,0.9166666666666666,0.9166666666666666
2019-05-22 09:10:00,1.0,0.0,10.0,10.0,10.0,1.0,0.8333333333333334,0.8333333333333334
2019-05-22 09:55:00,0.0,0.0,11.0,11.0,11.0,1.0,0.9166666666666666,0.9166666666666666
2019-05-22 10:10:00,1.0,0.0,11.0,11.0,11.0,1.0,0.8461538461538461,0.9166666666666666
2019-05-22 10:25:00,1.0,0.0,11.0,11.0,11.0,1.0,0.8461538461538461,0.9166666666666666
2019-05-22 10:45:00,1.0,0.0,11.0,11.0,11.0,2.0,0.7857142857142857,0.9166666666666666
2019-05-22 11:00:00,0.0,0.0,11.0,11.0,11.0,1.0,0.9166666666666666,0.9166666666666666
2019-05-22 11:15:00,0.0,0.0,11.0,11.0,11.0,1.0,0.9166666666666666,0.9166666666666666
2019-05-22 11:30:00,0.0,0.0,11.0,11.0,11.0,1.0,0.9166666666666666,0.9166666666666666
2019-05-22 11:45:00,0.0,0.0,11.0,11.0,11.0,1.0,0.9166666666666666,0.9166666666666666
2019-05-22 12:00:00,1.0,0.0,11.0,11.0,11.0,1.0,0.8461538461538461,0.9166666666666666
2019-05-22 12:15:00,1.0,0.0,11.0,11.0,11.0,1.0,0.8461538461538461,0.9166666666666666
2019-05-22 12:30:00,1.0,0.0,11.0,11.0,11.0,1.0,0.8461538461538461,0.9166666666666666
2019-05-22 13:15:00,0.0,0.0,11.0,11.0,11.0,1.0,0.9166666666666666,0.9166666666666666
2019-05-22 13:50:00,0.0,0.0,11.0,11.0,11.0,1.0,0.9166666666666666,0.9166666666666666
2019-05-22 14:05:00,0.0,0.0,11.0,11.0,11.0,1.0,0.9166666666666666,0.9166666666666666
2019-05-22 14:20:00,0.0,0.0,12.0,12.0,12.0,1.0,0.9230769230769231,1.0
2019-05-22 14:35:00,1.0,0.0,11.0,11.0,11.0,1.0,0.8461538461538461,0.9166666666666666
2019-05-22 14:50:00,0.0,0.0,11.0,11.0,11.0,1.0,0.9166666666666666,0.9166666666666666
2019-05-22 15:10:00,0.0,0.0,11.0,11.0,11.0,1.0,0.9166666666666666,0.9166666666666666
2019-05-22 15:25:00,0.0,0.0,11.0,11.0,11.0,1.0,0.9166666666666666,0.9166666666666666
2019-05-22 15:40:00,0.0,0.0,11.0,11.0,11.0,1.0,0.9166666666666666,0.9166666666666666
2019-05-22 15:55:00,0.0,0.0,12.0,12.0,12.0,1.0,0.9230769230769231,1.0
2019-05-22 16:10:00,0.0,0.0,12.0,12.0,12.0,1.0,0.9230769230769231,1.0
2019-05-22 16:25:00,1.0,0.0,11.0,11.0,11.0,1.0,0.8461538461538461,0.9166666666666666
2019-05-22 16:40:00,0.0,0.0,12.0,12.0,12.0,1.0,0.9230769230769231,1.0
2019-05-22 16:55:00,0.0,0.0,11.0,11.0,11.0,1.0,0.9166666666666666,0.9166666666666666
2019-05-22 17:10:00,0.0,0.0,11.0,11.0,11.0,1.0,0.9166666666666666,0.9166666666666666
2019-05-22 17:25:00,0.0,0.0,12.0,12.0,12.0,1.0,0.9230769230769231,1.0
2019-05-22 17:40:00,0.0,0.0,12.0,12.0,12.0,1.0,0.9230769230769231,1.0
2019-05-22 17:55:00,1.0,0.0,11.0,11.0,11.0,1.0,0.8461538461538461,0.9166666666666666
2019-05-22 18:10:00,1.0,0.0,11.0,11.0,11.0,0.0,0.9166666666666666,0.9166666666666666
2019-05-22 18:25:00,0.0,0.0,11.0,11.0,11.0,1.0,0.9166666666666666,0.9166666666666666
2019-05-22 18:40:00,0.0,0.0,11.0,11.0,11.0,1.0,0.9166666666666666,0.9166666666666666
2019-05-22 19:00:00,0.0,0.0,11.0,11.0,11.0,1.0,0.9166666666666666,0.9166666666666666
2019-05-22 19:15:00,0.0,0.0,11.0,11.0,11.0,1.0,0.9166666666666666,0.9166666666666666
2019-05-22 19:30:00,0.0,0.0,11.0,11.0,11.0,1.0,0.9166666666666666,0.9166666666666666
2019-05-22 19:45:00,0.0,0.0,11.0,11.0,11.0,0.0,1.0,0.9166666666666666
2019-05-22 20:00:00,0.0,0.0,11.0,11.0,11.0,0.0,1.0,0.9166666666666666
2019-05-22 20:15:00,0.0,0.0,11.0,11.0,11.0,1.0,0.9166666666666666,0.9166666666666666
2019-05-22 20:30:00,1.0,0.0,11.0,11.0,11.0,1.0,0.8461538461538461,0.9166666666666666
2019-05-22 20:45:00,1.0,0.0,11.0,11.0,11.0,1.0,0.8461538461538461,0.9166666666666666
2019-05-22 21:00:00,1.0,0.0,11.0,11.0,11.0,1.0,0.8461538461538461,0.9166666666666666
2019-05-22 21:15:00,1.0,0.0,12.0,12.0,12.0,1.0,0.8571428571428571,1.0
2019-05-22 21:30:00,1.0,0.0,12.0,12.0,12.0,1.0,0.8571428571428571,1.0
2019-05-22 21:45:00,0.0,0.0,12.0,12.0,12.0,1.0,0.9230769230769231,1.0
2019-05-22 22:00:00,1.0,0.0,12.0,12.0,12.0,1.0,0.8571428571428571,1.0
2019-05-22 22:15:00,1.0,0.0,11.0,11.0,11.0,0.0,0.9166666666666666,0.9166666666666666
2019-05-22 22:30:00,0.0,0.0,11.0,11.0,11.0,1.0,0.9166666666666666,0.9166666666666666
2019-05-22 22:45:00,0.0,0.0,11.0,11.0,11.0,1.0,0.9166666666666666,0.9166666666666666
2019-05-22 23:05:00,0.0,0.0,11.0,11.0,11.0,1.0,0.9166666666666666,0.9166666666666666
2019-05-22 23:20:00,1.0,0.0,11.0,11.0,11.0,1.0,0.8461538461538461,0.9166666666666666
2019-05-22 23:35:00,0.0,0.0,12.0,12.0,12.0,1.0,0.9230769230769231,1.0
2019-05-22 23:50:00,0.0,0.0,11.0,11.0,11.0,1.0,0.9166666666666666,0.9166666666666666
2019-05-23 00:05:00,0.0,0.0,12.0,12.0,12.0,1.0,0.9230769230769231,1.0
2019-05-23 00:20:00,0.0,0.0,11.0,11.0,11.0,1.0,0.9166666666666666,0.9166666666666666
2019-05-23 00:35:00,0.0,0.0,11.0,11.0,11.0,0.0,1.0,0.9166666666666666
2019-05-23 00:50:00,1.0,0.0,12.0,12.0,12.0,1.0,0.8571428571428571,1.0
2019-05-23 01:05:00,1.0,0.0,11.0,11.0,11.0,1.0,0.8461538461538461,0.9166666666666666
2019-05-23 01:20:00,1.0,0.0,11.0,11.0,11.0,1.0,0.8461538461538461,0.9166666666666666
2019-05-23 01:35:00,1.0,0.0,11.0,11.0,11.0,1.0,0.8461538461538461,0.9166666666666666
2019-05-23 02:20:00,2.0,0.0,11.0,11.0,11.0,1.0,0.7857142857142857,0.9166666666666666
2019-05-23 02:35:00,1.0,0.0,11.0,11.0,11.0,1.0,0.8461538461538461,0.9166666666666666
2019-05-23 02:50:00,0.0,0.0,11.0,11.0,11.0,1.0,0.9166666666666666,0.9166666666666666
2019-05-23 03:25:00,1.0,0.0,11.0,11.0,11.0,1.0,0.8461538461538461,0.9166666666666666
2019-05-23 03:40:00,1.0,0.0,11.0,11.0,11.0,0.0,0.9166666666666666,0.9166666666666666
2019-05-23 03:55:00,0.0,0.0,11.0,11.0,11.0,1.0,0.9166666666666666,0.9166666666666666
2019-05-23 04:10:00,0.0,0.0,12.0,12.0,12.0,1.0,0.9230769230769231,1.0
2019-05-23 04:25:00,1.0,0.0,11.0,11.0,11.0,1.0,0.8461538461538461,0.9166666666666666
2019-05-23 04:40:00,1.0,0.0,11.0,11.0,11.0,1.0,0.8461538461538461,0.9166666666666666
2019-05-23 04:55:00,1.0,0.0,11.0,11.0,11.0,1.0,0.8461538461538461,0.9166666666666666
2019-05-23 05:10:00,1.0,0.0,12.0,12.0,12.0,1.0,0.8571428571428571,1.0
2019-05-23 05:55:00,0.0,0.0,12.0,12.0,12.0,1.0,0.9230769230769231,1.0
2019-05-23 06:10:00,0.0,0.0,12.0,12.0,12.0,1.0,0.9230769230769231,1.0
2019-05-23 06:25:00,0.0,0.0,12.0,12.0,12.0,1.0,0.9230769230769231,1.0
2019-05-23 06:40:00,1.0,0.0,11.0,11.0,11.0,1.0,0.8461538461538461,0.9166666666666666
2019-05-23 06:55:00,0.0,0.0,11.0,11.0,11.0,1.0,0.9166666666666666,0.9166666666666666
2019-05-23 07:10:00,1.0,0.0,11.0,11.0,11.0,1.0,0.8461538461538461,0.9166666666666666
2019-05-23 07:25:00,1.0,0.0,11.0,11.0,11.0,2.0,0.7857142857142857,0.9166666666666666
2019-05-23 07:40:00,1.0,0.0,12.0,12.0,12.0,1.0,0.8571428571428571,1.0
2019-05-23 07:55:00,1.0,0.0,11.0,11.0,11.0,1.0,0.8461538461538461,0.9166666666666666
2019-05-23 08:10:00,0.0,0.0,5.0,5.0,5.0,0.0,1.0,0.4166666666666667
2019-05-23 08:25:00,0.0,0.0,11.0,11.0,11.0,1.0,0.9166666666666666,0.9166666666666666
2019-05-23 08:40:00,0.0,0.0,11.0,11.0,11.0,1.0,0.9166666666666666,0.9166666666666666
2019-05-23 08:55:00,1.0,0.0,11.0,11.0,11.0,1.0,0.8461538461538461,0.9166666666666666
2019-05-23 09:15:00,1.0,0.0,11.0,11.0,11.0,1.0,0.8461538461538461,0.9166666666666666
2019-05-23 09:30:00,0.0,0.0,12.0,12.0,12.0,1.0,0.9230769230769231,1.0
2019-05-23 09:45:00,1.0,0.0,12.0,12.0,12.0,1.0,0.8571428571428571,1.0
2019-05-23 10:00:00,0.0,0.0,11.0,11.0,11.0,1.0,0.9166666666666666,0.9166666666666666
2019-05-23 10:15:00,0.0,0.0,11.0,11.0,11.0,1.0,0.9166666666666666,0.9166666666666666
2019-05-23 10:45:00,0.0,0.0,12.0,12.0,12.0,1.0,0.9230769230769231,1.0
2019-05-23 11:00:00,0.0,0.0,12.0,12.0,12.0,1.0,0.9230769230769231,1.0
2019-05-23 11:15:00,0.0,0.0,11.0,11.0,11.0,1.0,0.9166666666666666,0.9166666666666666
2019-05-23 11:30:00,1.0,0.0,11.0,11.0,11.0,1.0,0.8461538461538461,0.9166666666666666
2019-05-23 11:45:00,0.0,0.0,11.0,11.0,11.0,1.0,0.9166666666666666,0.9166666666666666
2019-05-23 12:00:00,1.0,0.0,11.0,11.0,11.0,1.0,0.8461538461538461,0.9166666666666666
2019-05-23 12:15:00,0.0,0.0,11.0,11.0,11.0,1.0,0.9166666666666666,0.9166666666666666
2019-05-23 12:30:00,1.0,0.0,11.0,11.0,11.0,1.0,0.8461538461538461,0.9166666666666666
2019-05-23 13:05:00,0.0,0.0,11.0,11.0,11.0,2.0,0.8461538461538461,0.9166666666666666
2019-05-23 13:20:00,0.0,0.0,12.0,12.0,12.0,1.0,0.9230769230769231,1.0
2019-05-23 13:35:00,1.0,0.0,12.0,12.0,12.0,1.0,0.8571428571428571,1.0
2019-05-23 13:50:00,1.0,0.0,12.0,12.0,12.0,1.0,0.8571428571428571,1.0
2019-05-23 14:05:00,0.0,0.0,12.0,12.0,12.0,0.0,1.0,1.0
2019-05-23 14:20:00,1.0,0.0,11.0,11.0,11.0,1.0,0.8461538461538461,0.9166666666666666
2019-05-23 14:35:00,0.0,0.0,11.0,11.0,11.0,1.0,0.9166666666666666,0.9166666666666666
2019-05-23 14:50:00,0.0,0.0,11.0,11.0,11.0,1.0,0.9166666666666666,0.9166666666666666
2019-05-23 15:05:00,1.0,0.0,11.0,11.0,11.0,1.0,0.8461538461538461,0.9166666666666666
2019-05-23 15:20:00,1.0,0.0,11.0,11.0,11.0,1.0,0.8461538461538461,0.9166666666666666
2019-05-23 15:35:00,1.0,0.0,11.0,11.0,11.0,1.0,0.8461538461538461,0.9166666666666666
2019-05-23 15:50:00,0.0,0.0,11.0,11.0,11.0,1.0,0.9166666666666666,0.9166666666666666
2019-05-23 16:05:00,1.0,0.0,11.0,11.0,11.0,1.0,0.8461538461538461,0.9166666666666666
2019-05-23 16:20:00,1.0,0.0,11.0,11.0,11.0,1.0,0.8461538461538461,0.9166666666666666
2019-05-23 16:35:00,1.0,0.0,11.0,11.0,11.0,1.0,0.8461538461538461,0.9166666666666666
2019-05-23 16:55:00,0.0,0.0,11.0,11.0,11.0,1.0,0.9166666666666666,0.9166666666666666
2019-05-23 17:10:00,0.0,0.0,11.0,11.0,11.0,1.0,0.9166666666666666,0.9166666666666666
2019-05-23 17:25:00,0.0,0.0,12.0,12.0,12.0,0.0,1.0,1.0
2019-05-23 17:40:00,0.0,0.0,11.0,11.0,11.0,1.0,0.9166666666666666,0.9166666666666666
2019-05-23 17:55:00,0.0,0.0,11.0,11.0,11.0,1.0,0.9166666666666666,0.9166666666666666
2019-05-23 18:10:00,1.0,0.0,12.0,12.0,12.0,1.0,0.8571428571428571,1.0
2019-05-23 18:25:00,1.0,0.0,11.0,11.0,11.0,1.0,0.8461538461538461,0.9166666666666666
2019-05-23 18:40:00,0.0,0.0,11.0,11.0,11.0,1.0,0.9166666666666666,0.9166666666666666
2019-05-23 18:55:00,0.0,0.0,11.0,11.0,11.0,1.0,0.9166666666666666,0.9166666666666666
2019-05-23 19:10:00,0.0,0.0,11.0,11.0,11.0,1.0,0.9166666666666666,0.9166666666666666
2019-05-23 19:25:00,0.0,0.0,11.0,11.0,11.0,1.0,0.9166666666666666,0.9166666666666666
2019-05-23 19:40:00,1.0,0.0,11.0,11.0,11.0,1.0,0.8461538461538461,0.9166666666666666
2019-05-23 19:55:00,0.0,0.0,11.0,11.0,11.0,1.0,0.9166666666666666,0.9166666666666666
2019-05-23 20:10:00,1.0,0.0,11.0,11.0,11.0,1.0,0.8461538461538461,0.9166666666666666
2019-05-23 20:25:00,1.0,0.0,11.0,11.0,11.0,0.0,0.9166666666666666,0.9166666666666666
2019-05-23 21:00:00,1.0,0.0,11.0,11.0,11.0,1.0,0.8461538461538461,0.9166666666666666
2019-05-23 21:15:00,0.0,0.0,11.0,11.0,11.0,1.0,0.9166666666666666,0.9166666666666666
2019-05-23 21:50:00,1.0,0.0,11.0,11.0,11.0,1.0,0.8461538461538461,0.9166666666666666
2019-05-23 22:05:00,0.0,0.0,11.0,11.0,11.0,1.0,0.9166666666666666,0.9166666666666666
2019-05-23 22:20:00,0.0,0.0,11.0,11.0,11.0,1.0,0.9166666666666666,0.9166666666666666
2019-05-23 22:35:00,0.0,0.0,11.0,11.0,11.0,1.0,0.9166666666666666,0.9166666666666666
2019-05-23 22:50:00,0.0,0.0,11.0,11.0,11.0,1.0,0.9166666666666666,0.9166666666666666
2019-05-23 23:05:00,0.0,0.0,12.0,12.0,12.0,1.0,0.9230769230769231,1.0
2019-05-23 23:20:00,0.0,0.0,11.0,11.0,11.0,0.0,1.0,0.9166666666666666
2019-05-23 23:35:00,0.0,0.0,11.0,11.0,11.0,1.0,0.9166666666666666,0.9166666666666666
2019-05-23 23:50:00,0.0,0.0,11.0,11.0,11.0,1.0,0.9166666666666666,0.9166666666666666
2019-05-24 00:05:00,0.0,0.0,11.0,11.0,11.0,0.0,1.0,0.9166666666666666
2019-05-24 00:20:00,1.0,0.0,11.0,11.0,11.0,1.0,0.8461538461538461,0.9166666666666666
2019-05-24 00:35:00,0.0,0.0,11.0,11.0,11.0,1.0,0.9166666666666666,0.9166666666666666
2019-05-24 00:55:00,1.0,0.0,11.0,11.0,11.0,1.0,0.8461538461538461,0.9166666666666666
2019-05-24 01:10:00,0.0,0.0,11.0,11.0,11.0,1.0,0.9166666666666666,0.9166666666666666
2019-05-24 01:25:00,0.0,0.0,11.0,11.0,11.0,1.0,0.9166666666666666,0.9166666666666666
2019-05-24 01:40:00,1.0,0.0,12.0,12.0,12.0,1.0,0.8571428571428571,1.0
2019-05-24 01:55:00,1.0,0.0,12.0,12.0,12.0,0.0,0.9230769230769231,1.0
2019-05-24 02:10:00,1.0,0.0,11.0,11.0,11.0,1.0,0.8461538461538461,0.9166666666666666
2019-05-24 02:25:00,1.0,0.0,11.0,11.0,11.0,1.0,0.8461538461538461,0.9166666666666666
2019-05-24 02:40:00,0.0,0.0,11.0,11.0,11.0,1.0,0.9166666666666666,0.9166666666666666
2019-05-24 02:55:00,0.0,0.0,11.0,11.0,11.0,1.0,0.9166666666666666,0.9166666666666666
2019-05-24 03:10:00,0.0,0.0,11.0,11.0,11.0,1.0,0.9166666666666666,0.9166666666666666
2019-05-24 03:25:00,1.0,0.0,11.0,11.0,11.0,1.0,0.8461538461538461,0.9166666666666666
2019-05-24 03:40:00,1.0,0.0,11.0,11.0,11.0,1.0,0.8461538461538461,0.9166666666666666
2019-05-24 03:55:00,1.0,0.0,11.0,11.0,11.0,1.0,0.8461538461538461,0.9166666666666666
2019-05-24 04:10:00,0.0,0.0,11.0,11.0,11.0,1.0,0.9166666666666666,0.9166666666666666
2019-05-24 04:45:00,0.0,0.0,11.0,11.0,11.0,1.0,0.9166666666666666,0.9166666666666666
2019-05-24 05:00:00,1.0,0.0,12.0,12.0,12.0,1.0,0.8571428571428571,1.0
2019-05-24 05:15:00,1.0,0.0,12.0,12.0,12.0,1.0,0.8571428571428571,1.0
2019-05-24 05:30:00,0.0,0.0,12.0,12.0,12.0,1.0,0.9230769230769231,1.0
2019-05-24 05:45:00,1.0,0.0,11.0,11.0,11.0,1.0,0.8461538461538461,0.9166666666666666
2019-05-24 06:00:00,1.0,0.0,11.0,11.0,11.0,1.0,0.8461538461538461,0.9166666666666666
2019-05-24 06:15:00,1.0,0.0,11.0,11.0,11.0,1.0,0.8461538461538461,0.9166666666666666
2019-05-24 06:30:00,0.0,0.0,12.0,12.0,12.0,1.0,0.9230769230769231,1.0
2019-05-24 06:45:00,1.0,0.0,12.0,12.0,12.0,1.0,0.8571428571428571,1.0
2019-05-24 07:00:00,0.0,0.0,11.0,11.0,11.0,1.0,0.9166666666666666,0.9166666666666666
2019-05-24 07:15:00,1.0,0.0,11.0,11.0,11.0,1.0,0.8461538461538461,0.9166666666666666
2019-05-24 07:30:00,0.0,0.0,11.0,11.0,11.0,1.0,0.9166666666666666,0.9166666666666666
2019-05-24 07:45:00,1.0,0.0,12.0,12.0,12.0,1.0,0.8571428571428571,1.0
2019-05-24 08:00:00,0.0,0.0,11.0,11.0,11.0,1.0,0.9166666666666666,0.9166666666666666
2019-05-24 08:35:00,0.0,0.0,11.0,11.0,11.0,1.0,0.9166666666666666,0.9166666666666666
2019-05-24 08:50:00,1.0,0.0,11.0,11.0,11.0,1.0,0.8461538461538461,0.9166666666666666
2019-05-24 09:05:00,1.0,0.0,11.0,11.0,11.0,1.0,0.8461538461538461,0.9166666666666666
2019-05-24 09:20:00,1.0,0.0,11.0,11.0,11.0,1.0,0.8461538461538461,0.9166666666666666
2019-05-24 09:35:00,0.0,0.0,11.0,11.0,11.0,0.0,1.0,0.9166666666666666
2019-05-24 09:50:00,1.0,0.0,11.0,11.0,11.0,1.0,0.8461538461538461,0.9166666666666666
2019-05-24 10:05:00,1.0,0.0,11.0,11.0,11.0,1.0,0.8461538461538461,0.9166666666666666
2019-05-24 10:20:00,0.0,0.0,11.0,11.0,11.0,1.0,0.9166666666666666,0.9166666666666666
2019-05-24 10:35:00,1.0,0.0,11.0,11.0,11.0,1.0,0.8461538461538461,0.9166666666666666
2019-05-24 10:50:00,1.0,0.0,11.0,11.0,11.0,1.0,0.8461538461538461,0.9166666666666666
2019-05-24 11:05:00,1.0,0.0,11.0,11.0,11.0,1.0,0.8461538461538461,0.9166666666666666
2019-05-24 11:20:00,0.0,0.0,11.0,11.0,11.0,1.0,0.9166666666666666,0.9166666666666666
2019-05-24 11:35:00,0.0,0.0,11.0,11.0,11.0,1.0,0.9166666666666666,0.9166666666666666
2019-05-24 11:50:00,1.0,0.0,11.0,11.0,11.0,1.0,0.8461538461538461,0.9166666666666666
2019-05-24 12:05:00,0.0,0.0,11.0,11.0,11.0,1.0,0.9166666666666666,0.9166666666666666
2019-05-24 12:25:00,0.0,0.0,11.0,11.0,11.0,1.0,0.9166666666666666,0.9166666666666666
2019-05-24 12:40:00,0.0,0.0,11.0,11.0,11.0,1.0,0.9166666666666666,0.9166666666666666
2019-05-24 12:55:00,0.0,0.0,11.0,11.0,11.0,1.0,0.9166666666666666,0.9166666666666666
2019-05-24 13:40:00,0.0,0.0,11.0,11.0,11.0,1.0,0.9166666666666666,0.9166666666666666
2019-05-24 13:55:00,1.0,0.0,11.0,11.0,11.0,2.0,0.7857142857142857,0.9166666666666666
2019-05-24 14:10:00,1.0,0.0,11.0,11.0,11.0,1.0,0.8461538461538461,0.9166666666666666
2019-05-24 14:25:00,1.0,0.0,12.0,12.0,12.0,0.0,0.9230769230769231,1.0
2019-05-24 14:40:00,1.0,0.0,11.0,11.0,11.0,1.0,0.8461538461538461,0.9166666666666666
2019-05-24 15:00:00,0.0,0.0,11.0,11.0,11.0,1.0,0.9166666666666666,0.9166666666666666
2019-05-24 15:15:00,0.0,0.0,12.0,12.0,12.0,1.0,0.9230769230769231,1.0
2019-05-24 15:30:00,0.0,0.0,12.0,12.0,12.0,0.0,1.0,1.0
2019-05-24 15:45:00,1.0,0.0,11.0,11.0,11.0,1.0,0.8461538461538461,0.9166666666666666
2019-05-24 16:00:00,1.0,0.0,11.0,11.0,11.0,1.0,0.8461538461538461,0.9166666666666666
2019-05-24 16:15:00,0.0,0.0,11.0,11.0,11.0,2.0,0.8461538461538461,0.9166666666666666
2019-05-24 16:30:00,0.0,0.0,11.0,11.0,11.0,1.0,0.9166666666666666,0.9166666666666666
2019-05-24 16:45:00,0.0,0.0,11.0,11.0,11.0,2.0,0.8461538461538461,0.9166666666666666
2019-05-24 17:00:00,0.0,0.0,11.0,11.0,11.0,1.0,0.9166666666666666,0.9166666666666666
2019-05-24 17:15:00,1.0,0.0,11.0,11.0,11.0,1.0,0.8461538461538461,0.9166666666666666
2019-05-24 17:30:00,0.0,0.0,11.0,11.0,11.0,1.0,0.9166666666666666,0.9166666666666666
2019-05-24 17:45:00,0.0,0.0,11.0,11.0,11.0,1.0,0.9166666666666666,0.9166666666666666
2019-05-24 18:00:00,1.0,0.0,11.0,11.0,11.0,1.0,0.8461538461538461,0.9166666666666666
2019-05-24 18:15:00,0.0,0.0,11.0,11.0,11.0,1.0,0.9166666666666666,0.9166666666666666
2019-05-24 18:30:00,0.0,0.0,11.0,11.0,11.0,2.0,0.8461538461538461,0.9166666666666666
2019-05-24 18:50:00,1.0,0.0,11.0,11.0,11.0,1.0,0.8461538461538461,0.9166666666666666
2019-05-24 19:05:00,1.0,0.0,11.0,11.0,11.0,1.0,0.8461538461538461,0.9166666666666666
2019-05-24 19:20:00,0.0,0.0,11.0,11.0,11.0,2.0,0.8461538461538461,0.9166666666666666
2019-05-24 19:35:00,1.0,0.0,11.0,11.0,11.0,1.0,0.8461538461538461,0.9166666666666666
2019-05-24 19:50:00,0.0,0.0,11.0,11.0,11.0,1.0,0.9166666666666666,0.9166666666666666
2019-05-24 20:05:00,0.0,0.0,11.0,11.0,11.0,1.0,0.9166666666666666,0.9166666666666666
2019-05-24 20:20:00,0.0,0.0,11.0,11.0,11.0,1.0,0.9166666666666666,0.9166666666666666
2019-05-24 20:35:00,0.0,0.0,12.0,12.0,12.0,1.0,0.9230769230769231,1.0
2019-05-24 20:50:00,0.0,0.0,11.0,11.0,11.0,1.0,0.9166666666666666,0.9166666666666666
2019-05-24 21:05:00,0.0,0.0,11.0,11.0,11.0,0.0,1.0,0.9166666666666666
2019-05-24 21:20:00,0.0,0.0,11.0,11.0,11.0,2.0,0.8461538461538461,0.9166666666666666
2019-05-24 21:35:00,0.0,0.0,11.0,11.0,11.0,1.0,0.9166666666666666,0.9166666666666666
2019-05-24 21:50:00,0.0,0.0,11.0,11.0,11.0,1.0,0.9166666666666666,0.9166666666666666
2019-05-24 22:05:00,1.0,0.0,11.0,11.0,11.0,1.0,0.8461538461538461,0.9166666666666666
2019-05-24 22:20:00,1.0,0.0,11.0,11.0,11.0,1.0,0.8461538461538461,0.9166666666666666
2019-05-24 22:40:00,0.0,0.0,11.0,11.0,11.0,1.0,0.9166666666666666,0.9166666666666666
2019-05-24 22:55:00,0.0,0.0,11.0,11.0,11.0,0.0,1.0,0.9166666666666666
2019-05-24 23:10:00,0.0,0.0,11.0,11.0,11.0,1.0,0.9166666666666666,0.9166666666666666
2019-05-24 23:25:00,0.0,0.0,11.0,11.0,11.0,1.0,0.9166666666666666,0.9166666666666666
2019-05-24 23:40:00,1.0,0.0,11.0,11.0,11.0,1.0,0.8461538461538461,0.9166666666666666
2019-05-24 23:55:00,1.0,0.0,11.0,11.0,11.0,1.0,0.8461538461538461,0.9166666666666666
2019-05-25 00:10:00,1.0,0.0,11.0,11.0,11.0,1.0,0.8461538461538461,0.9166666666666666
2019-05-25 00:25:00,1.0,0.0,11.0,11.0,11.0,1.0,0.8461538461538461,0.9166666666666666
2019-05-25 00:40:00,1.0,0.0,11.0,11.0,11.0,1.0,0.8461538461538461,0.9166666666666666
2019-05-25 00:55:00,1.0,0.0,11.0,11.0,11.0,1.0,0.8461538461538461,0.9166666666666666
2019-05-25 01:10:00,0.0,0.0,11.0,11.0,11.0,1.0,0.9166666666666666,0.9166666666666666
2019-05-25 01:25:00,1.0,0.0,10.0,10.0,10.0,1.0,0.8333333333333334,0.8333333333333334
2019-05-25 01:40:00,0.0,0.0,11.0,11.0,11.0,1.0,0.9166666666666666,0.9166666666666666
2019-05-25 02:20:00,0.0,0.0,11.0,11.0,11.0,1.0,0.9166666666666666,0.9166666666666666
2019-05-25 02:35:00,0.0,0.0,11.0,11.0,11.0,1.0,0.9166666666666666,0.9166666666666666
2019-05-25 02:50:00,0.0,0.0,11.0,11.0,11.0,1.0,0.9166666666666666,0.9166666666666666
2019-05-25 03:10:00,1.0,0.0,12.0,12.0,12.0,1.0,0.8571428571428571,1.0
2019-05-25 03:25:00,0.0,0.0,11.0,11.0,11.0,1.0,0.9166666666666666,0.9166666666666666
2019-05-25 03:40:00,0.0,0.0,11.0,11.0,11.0,1.0,0.9166666666666666,0.9166666666666666
2019-05-25 03:55:00,0.0,0.0,12.0,12.0,12.0,1.0,0.9230769230769231,1.0
2019-05-25 04:10:00,1.0,0.0,11.0,11.0,11.0,1.0,0.8461538461538461,0.9166666666666666
2019-05-25 04:25:00,1.0,0.0,11.0,11.0,11.0,1.0,0.8461538461538461,0.9166666666666666
2019-05-25 04:40:00,0.0,0.0,11.0,11.0,11.0,1.0,0.9166666666666666,0.9166666666666666
2019-05-25 04:55:00,1.0,0.0,11.0,11.0,11.0,0.0,0.9166666666666666,0.9166666666666666
2019-05-25 05:10:00,0.0,0.0,11.0,11.0,11.0,1.0,0.9166666666666666,0.9166666666666666
2019-05-25 05:55:00,0.0,0.0,12.0,12.0,12.0,1.0,0.9230769230769231,1.0
2019-05-25 06:10:00,1.0,0.0,11.0,11.0,11.0,1.0,0.8461538461538461,0.9166666666666666
2019-05-25 06:25:00,0.0,0.0,11.0,11.0,11.0,1.0,0.9166666666666666,0.9166666666666666
2019-05-25 06:40:00,1.0,0.0,12.0,12.0,12.0,0.0,0.9230769230769231,1.0
2019-05-25 06:55:00,1.0,0.0,11.0,11.0,11.0,1.0,0.8461538461538461,0.9166666666666666
2019-05-25 07:10:00,0.0,0.0,11.0,11.0,11.0,1.0,0.9166666666666666,0.9166666666666666
2019-05-25 07:25:00,0.0,0.0,11.0,11.0,11.0,1.0,0.9166666666666666,0.9166666666666666
2019-05-25 07:40:00,1.0,0.0,11.0,11.0,11.0,1.0,0.8461538461538461,0.9166666666666666
2019-05-25 07:55:00,0.0,0.0,12.0,12.0,12.0,1.0,0.9230769230769231,1.0
2019-05-25 08:10:00,0.0,0.0,11.0,11.0,11.0,1.0,0.9166666666666666,0.9166666666666666
2019-05-25 08:25:00,1.0,0.0,11.0,11.0,11.0,1.0,0.8461538461538461,0.9166666666666666
2019-05-25 08:40:00,1.0,0.0,12.0,12.0,12.0,1.0,0.8571428571428571,1.0
2019-05-25 08:55:00,0.0,0.0,11.0,11.0,11.0,1.0,0.9166666666666666,0.9166666666666666
2019-05-25 09:10:00,0.0,0.0,11.0,11.0,11.0,1.0,0.9166666666666666,0.9166666666666666
2019-05-25 09:30:00,1.0,0.0,11.0,11.0,11.0,1.0,0.8461538461538461,0.9166666666666666
2019-05-25 09:45:00,1.0,0.0,12.0,12.0,12.0,0.0,0.9230769230769231,1.0
2019-05-25 10:00:00,0.0,0.0,12.0,12.0,12.0,1.0,0.9230769230769231,1.0
2019-05-25 10:15:00,0.0,0.0,12.0,12.0,12.0,1.0,0.9230769230769231,1.0
2019-05-25 10:30:00,1.0,0.0,11.0,11.0,11.0,1.0,0.8461538461538461,0.9166666666666666
2019-05-25 10:45:00,1.0,0.0,12.0,12.0,12.0,1.0,0.8571428571428571,1.0
2019-05-25 11:00:00,0.0,0.0,11.0,11.0,11.0,1.0,0.9166666666666666,0.9166666666666666
2019-05-25 11:15:00,0.0,0.0,11.0,11.0,11.0,0.0,1.0,0.9166666666666666
2019-05-25 11:30:00,0.0,0.0,11.0,11.0,11.0,1.0,0.9166666666666666,0.9166666666666666
2019-05-25 11:45:00,0.0,0.0,11.0,11.0,11.0,1.0,0.9166666666666666,0.9166666666666666
2019-05-25 12:00:00,0.0,0.0,11.0,11.0,11.0,1.0,0.9166666666666666,0.9166666666666666
2019-05-25 12:15:00,0.0,0.0,11.0,11.0,11.0,0.0,1.0,0.9166666666666666
2019-05-25 12:30:00,0.0,0.0,11.0,11.0,11.0,1.0,0.9166666666666666,0.9166666666666666
2019-05-25 12:45:00,1.0,0.0,11.0,11.0,11.0,1.0,0.8461538461538461,0.9166666666666666
2019-05-25 13:00:00,1.0,0.0,12.0,12.0,12.0,1.0,0.8571428571428571,1.0
2019-05-25 13:15:00,0.0,0.0,12.0,12.0,12.0,0.0,1.0,1.0
2019-05-25 13:35:00,1.0,0.0,11.0,11.0,11.0,1.0,0.8461538461538461,0.9166666666666666
2019-05-25 13:50:00,1.0,0.0,11.0,11.0,11.0,1.0,0.8461538461538461,0.9166666666666666
2019-05-25 14:05:00,0.0,0.0,11.0,11.0,11.0,1.0,0.9166666666666666,0.9166666666666666
2019-05-25 14:20:00,0.0,0.0,11.0,11.0,11.0,1.0,0.9166666666666666,0.9166666666666666
2019-05-25 14:35:00,0.0,0.0,11.0,11.0,11.0,1.0,0.9166666666666666,0.9166666666666666
2019-05-25 14:50:00,1.0,0.0,11.0,11.0,11.0,0.0,0.9166666666666666,0.9166666666666666
2019-05-25 15:05:00,1.0,0.0,11.0,11.0,11.0,0.0,0.9166666666666666,0.9166666666666666
2019-05-25 15:20:00,0.0,0.0,11.0,11.0,11.0,1.0,0.9166666666666666,0.9166666666666666
2019-05-25 15:35:00,0.0,0.0,11.0,11.0,11.0,1.0,0.9166666666666666,0.9166666666666666
2019-05-25 15:50:00,1.0,0.0,11.0,11.0,11.0,1.0,0.8461538461538461,0.9166666666666666
2019-05-25 16:05:00,0.0,0.0,12.0,12.0,12.0,1.0,0.9230769230769231,1.0
2019-05-25 16:20:00,1.0,0.0,11.0,11.0,11.0,1.0,0.8461538461538461,0.9166666666666666
2019-05-25 16:35:00,1.0,0.0,12.0,12.0,12.0,1.0,0.8571428571428571,1.0
2019-05-25 16:50:00,0.0,0.0,11.0,11.0,11.0,1.0,0.9166666666666666,0.9166666666666666
2019-05-25 17:05:00,0.0,0.0,11.0,11.0,11.0,1.0,0.9166666666666666,0.9166666666666666
2019-05-25 17:25:00,1.0,0.0,11.0,11.0,11.0,1.0,0.8461538461538461,0.9166666666666666
2019-05-25 17:40:00,0.0,0.0,11.0,11.0,11.0,1.0,0.9166666666666666,0.9166666666666666
2019-05-25 18:20:00,0.0,0.0,11.0,11.0,11.0,1.0,0.9166666666666666,0.9166666666666666
2019-05-25 18:35:00,0.0,0.0,11.0,11.0,11.0,1.0,0.9166666666666666,0.9166666666666666
2019-05-25 18:50:00,0.0,0.0,11.0,11.0,11.0,1.0,0.9166666666666666,0.9166666666666666
2019-05-25 19:05:00,0.0,0.0,11.0,11.0,11.0,1.0,0.9166666666666666,0.9166666666666666
2019-05-25 19:20:00,0.0,0.0,11.0,11.0,11.0,1.0,0.9166666666666666,0.9166666666666666
2019-05-25 19:40:00,0.0,0.0,11.0,11.0,11.0,1.0,0.9166666666666666,0.9166666666666666
2019-05-25 19:55:00,0.0,0.0,11.0,11.0,11.0,1.0,0.9166666666666666,0.9166666666666666
2019-05-25 20:10:00,0.0,0.0,11.0,11.0,11.0,1.0,0.9166666666666666,0.9166666666666666
2019-05-25 20:25:00,0.0,0.0,11.0,11.0,11.0,1.0,0.9166666666666666,0.9166666666666666
2019-05-25 20:40:00,0.0,0.0,11.0,11.0,11.0,2.0,0.8461538461538461,0.9166666666666666
2019-05-25 20:55:00,0.0,0.0,11.0,11.0,11.0,1.0,0.9166666666666666,0.9166666666666666
2019-05-25 21:10:00,0.0,0.0,11.0,11.0,11.0,1.0,0.9166666666666666,0.9166666666666666
2019-05-25 21:55:00,0.0,0.0,11.0,11.0,11.0,1.0,0.9166666666666666,0.9166666666666666
2019-05-25 22:10:00,0.0,0.0,12.0,12.0,12.0,1.0,0.9230769230769231,1.0
2019-05-25 22:25:00,0.0,0.0,11.0,11.0,11.0,1.0,0.9166666666666666,0.9166666666666666
2019-05-25 23:00:00,0.0,0.0,11.0,11.0,11.0,0.0,1.0,0.9166666666666666
2019-05-25 23:15:00,0.0,0.0,11.0,11.0,11.0,1.0,0.9166666666666666,0.9166666666666666
2019-05-25 23:30:00,0.0,0.0,11.0,11.0,11.0,1.0,0.9166666666666666,0.9166666666666666
2019-05-25 23:45:00,0.0,0.0,11.0,11.0,11.0,1.0,0.9166666666666666,0.9166666666666666
2019-05-26 00:00:00,0.0,0.0,11.0,11.0,11.0,1.0,0.9166666666666666,0.9166666666666666
2019-05-26 00:15:00,0.0,0.0,11.0,11.0,11.0,1.0,0.9166666666666666,0.9166666666666666
2019-05-26 00:30:00,0.0,0.0,12.0,12.0,12.0,1.0,0.9230769230769231,1.0
2019-05-26 00:45:00,1.0,0.0,11.0,11.0,11.0,1.0,0.8461538461538461,0.9166666666666666
2019-05-26 01:00:00,1.0,0.0,12.0,12.0,12.0,1.0,0.8571428571428571,1.0
2019-05-26 01:15:00,0.0,0.0,11.0,11.0,11.0,1.0,0.9166666666666666,0.9166666666666666
2019-05-26 01:30:00,0.0,0.0,11.0,11.0,11.0,1.0,0.9166666666666666,0.9166666666666666
2019-05-26 01:45:00,0.0,0.0,11.0,11.0,11.0,2.0,0.8461538461538461,0.9166666666666666
2019-05-26 02:00:00,0.0,0.0,12.0,12.0,12.0,0.0,1.0,1.0
2019-05-26 02:15:00,0.0,0.0,11.0,11.0,11.0,1.0,0.9166666666666666,0.9166666666666666
2019-05-26 02:30:00,0.0,0.0,11.0,11.0,11.0,2.0,0.8461538461538461,0.9166666666666666
2019-05-26 02:50:00,1.0,0.0,11.0,11.0,11.0,1.0,0.8461538461538461,0.9166666666666666
2019-05-26 03:05:00,0.0,0.0,11.0,11.0,11.0,1.0,0.9166666666666666,0.9166666666666666
2019-05-26 03:20:00,0.0,0.0,11.0,11.0,11.0,1.0,0.9166666666666666,0.9166666666666666
2019-05-26 03:35:00,1.0,0.0,11.0,11.0,11.0,1.0,0.8461538461538461,0.9166666666666666
2019-05-26 03:50:00,1.0,0.0,11.0,11.0,11.0,1.0,0.8461538461538461,0.9166666666666666
2019-05-26 04:05:00,0.0,0.0,11.0,11.0,11.0,1.0,0.9166666666666666,0.9166666666666666
2019-05-26 04:20:00,1.0,0.0,11.0,11.0,11.0,1.0,0.8461538461538461,0.9166666666666666
2019-05-26 04:35:00,0.0,0.0,11.0,11.0,11.0,1.0,0.9166666666666666,0.9166666666666666
2019-05-26 04:50:00,0.0,0.0,11.0,11.0,11.0,1.0,0.9166666666666666,0.9166666666666666
2019-05-26 05:05:00,0.0,0.0,11.0,11.0,11.0,1.0,0.9166666666666666,0.9166666666666666
2019-05-26 05:20:00,1.0,0.0,12.0,12.0,12.0,1.0,0.8571428571428571,1.0
2019-05-26 05:35:00,0.0,0.0,11.0,11.0,11.0,1.0,0.9166666666666666,0.9166666666666666
2019-05-26 05:50:00,0.0,0.0,12.0,12.0,12.0,1.0,0.9230769230769231,1.0
2019-05-26 06:05:00,1.0,0.0,11.0,11.0,11.0,1.0,0.8461538461538461,0.9166666666666666
2019-05-26 07:05:00,0.0,0.0,11.0,11.0,11.0,1.0,0.9166666666666666,0.9166666666666666
2019-05-26 07:20:00,0.0,0.0,11.0,11.0,11.0,1.0,0.9166666666666666,0.9166666666666666
2019-05-26 07:35:00,0.0,0.0,11.0,11.0,11.0,1.0,0.9166666666666666,0.9166666666666666
2019-05-26 07:50:00,0.0,0.0,11.0,11.0,11.0,1.0,0.9166666666666666,0.9166666666666666
2019-05-26 08:05:00,1.0,0.0,11.0,11.0,11.0,1.0,0.8461538461538461,0.9166666666666666
2019-05-26 08:20:00,0.0,0.0,11.0,11.0,11.0,1.0,0.9166666666666666,0.9166666666666666
2019-05-26 08:35:00,0.0,0.0,12.0,12.0,12.0,1.0,0.9230769230769231,1.0
2019-05-26 08:50:00,0.0,0.0,12.0,12.0,12.0,1.0,0.9230769230769231,1.0
2019-05-26 09:10:00,0.0,0.0,11.0,11.0,11.0,2.0,0.8461538461538461,0.9166666666666666
2019-05-26 09:25:00,0.0,0.0,11.0,11.0,11.0,1.0,0.9166666666666666,0.9166666666666666
2019-05-26 09:40:00,1.0,0.0,11.0,11.0,11.0,1.0,0.8461538461538461,0.9166666666666666
2019-05-26 09:55:00,0.0,0.0,11.0,11.0,11.0,1.0,0.9166666666666666,0.9166666666666666
2019-05-26 10:10:00,0.0,0.0,11.0,11.0,11.0,1.0,0.9166666666666666,0.9166666666666666
2019-05-26 10:50:00,1.0,0.0,11.0,11.0,11.0,1.0,0.8461538461538461,0.9166666666666666
2019-05-26 11:05:00,0.0,0.0,11.0,11.0,11.0,0.0,1.0,0.9166666666666666
2019-05-26 11:20:00,0.0,0.0,11.0,11.0,11.0,1.0,0.9166666666666666,0.9166666666666666
2019-05-26 11:35:00,0.0,0.0,11.0,11.0,11.0,0.0,1.0,0.9166666666666666
2019-05-26 11:50:00,0.0,0.0,11.0,11.0,11.0,0.0,1.0,0.9166666666666666
2019-05-26 12:05:00,0.0,0.0,11.0,11.0,11.0,1.0,0.9166666666666666,0.9166666666666666
2019-05-26 12:20:00,0.0,0.0,12.0,12.0,12.0,1.0,0.9230769230769231,1.0
2019-05-26 12:35:00,1.0,0.0,12.0,12.0,12.0,1.0,0.8571428571428571,1.0
2019-05-26 12:50:00,1.0,0.0,11.0,11.0,11.0,1.0,0.8461538461538461,0.9166666666666666
2019-05-26 13:05:00,0.0,0.0,12.0,12.0,12.0,0.0,1.0,1.0
2019-05-26 13:25:00,1.0,0.0,12.0,12.0,12.0,1.0,0.8571428571428571,1.0
2019-05-26 13:40:00,0.0,0.0,12.0,12.0,12.0,1.0,0.9230769230769231,1.0
2019-05-26 14:20:00,0.0,0.0,11.0,11.0,11.0,1.0,0.9166666666666666,0.9166666666666666
2019-05-26 14:35:00,1.0,0.0,12.0,12.0,12.0,1.0,0.8571428571428571,1.0
2019-05-26 14:50:00,1.0,0.0,11.0,11.0,11.0,1.0,0.8461538461538461,0.9166666666666666
2019-05-26 15:05:00,1.0,0.0,11.0,11.0,11.0,1.0,0.8461538461538461,0.9166666666666666
2019-05-26 15:20:00,0.0,0.0,11.0,11.0,11.0,2.0,0.8461538461538461,0.9166666666666666
2019-05-26 15:35:00,0.0,0.0,11.0,11.0,11.0,1.0,0.9166666666666666,0.9166666666666666
2019-05-26 15:50:00,1.0,0.0,11.0,11.0,11.0,0.0,0.9166666666666666,0.9166666666666666
2019-05-26 16:05:00,1.0,0.0,11.0,11.0,11.0,0.0,0.9166666666666666,0.9166666666666666
2019-05-26 16:20:00,0.0,0.0,11.0,11.0,11.0,1.0,0.9166666666666666,0.9166666666666666
2019-05-26 16:35:00,0.0,0.0,11.0,11.0,11.0,1.0,0.9166666666666666,0.9166666666666666
2019-05-26 16:50:00,1.0,0.0,11.0,11.0,11.0,0.0,0.9166666666666666,0.9166666666666666
2019-05-26 17:10:00,0.0,0.0,12.0,12.0,12.0,1.0,0.9230769230769231,1.0
2019-05-26 17:25:00,0.0,0.0,11.0,11.0,11.0,2.0,0.8461538461538461,0.9166666666666666
2019-05-26 17:40:00,0.0,0.0,11.0,11.0,11.0,0.0,1.0,0.9166666666666666
2019-05-26 17:55:00,0.0,0.0,11.0,11.0,11.0,1.0,0.9166666666666666,0.9166666666666666
2019-05-26 18:10:00,1.0,0.0,11.0,11.0,11.0,1.0,0.8461538461538461,0.9166666666666666
2019-05-26 18:25:00,1.0,0.0,11.0,11.0,11.0,1.0,0.8461538461538461,0.9166666666666666
2019-05-26 18:40:00,0.0,0.0,11.0,11.0,11.0,0.0,1.0,0.9166666666666666
2019-05-26 18:55:00,0.0,0.0,11.0,11.0,11.0,1.0,0.9166666666666666,0.9166666666666666
2019-05-26 19:10:00,1.0,0.0,11.0,11.0,11.0,1.0,0.8461538461538461,0.9166666666666666
2019-05-26 19:25:00,0.0,0.0,11.0,11.0,11.0,1.0,0.9166666666666666,0.9166666666666666
2019-05-26 19:40:00,0.0,0.0,11.0,11.0,11.0,0.0,1.0,0.9166666666666666
2019-05-26 19:55:00,0.0,0.0,11.0,11.0,11.0,1.0,0.9166666666666666,0.9166666666666666
2019-05-26 20:10:00,0.0,0.0,11.0,11.0,11.0,1.0,0.9166666666666666,0.9166666666666666
2019-05-26 20:25:00,1.0,0.0,11.0,11.0,11.0,1.0,0.8461538461538461,0.9166666666666666
2019-05-26 20:40:00,0.0,0.0,11.0,11.0,11.0,1.0,0.9166666666666666,0.9166666666666666
2019-05-26 20:55:00,0.0,0.0,12.0,12.0,12.0,1.0,0.9230769230769231,1.0
2019-05-26 21:15:00,0.0,0.0,11.0,11.0,11.0,1.0,0.9166666666666666,0.9166666666666666
2019-05-26 21:30:00,0.0,0.0,12.0,12.0,12.0,1.0,0.9230769230769231,1.0
2019-05-26 21:45:00,1.0,0.0,12.0,12.0,12.0,1.0,0.8571428571428571,1.0
2019-05-26 22:00:00,0.0,0.0,12.0,12.0,12.0,1.0,0.9230769230769231,1.0
2019-05-26 22:15:00,0.0,0.0,11.0,11.0,11.0,1.0,0.9166666666666666,0.9166666666666666
2019-05-26 22:30:00,0.0,0.0,11.0,11.0,11.0,1.0,0.9166666666666666,0.9166666666666666
2019-05-26 22:45:00,0.0,0.0,11.0,11.0,11.0,1.0,0.9166666666666666,0.9166666666666666
2019-05-26 23:00:00,1.0,0.0,11.0,11.0,11.0,1.0,0.8461538461538461,0.9166666666666666
2019-05-26 23:15:00,1.0,0.0,11.0,11.0,11.0,1.0,0.8461538461538461,0.9166666666666666
2019-05-26 23:30:00,0.0,0.0,11.0,11.0,11.0,1.0,0.9166666666666666,0.9166666666666666
2019-05-26 23:45:00,0.0,0.0,11.0,11.0,11.0,1.0,0.9166666666666666,0.9166666666666666
2019-05-27 00:00:00,0.0,0.0,12.0,12.0,12.0,1.0,0.9230769230769231,1.0
2019-05-27 00:15:00,0.0,0.0,11.0,11.0,11.0,0.0,1.0,0.9166666666666666
2019-05-27 00:30:00,0.0,0.0,11.0,11.0,11.0,1.0,0.9166666666666666,0.9166666666666666
2019-05-27 00:50:00,0.0,0.0,11.0,11.0,11.0,1.0,0.9166666666666666,0.9166666666666666
2019-05-27 01:05:00,0.0,0.0,11.0,11.0,11.0,1.0,0.9166666666666666,0.9166666666666666
2019-05-27 01:20:00,0.0,0.0,11.0,11.0,11.0,1.0,0.9166666666666666,0.9166666666666666
2019-05-27 01:35:00,0.0,0.0,11.0,11.0,11.0,1.0,0.9166666666666666,0.9166666666666666
2019-05-27 01:50:00,0.0,0.0,11.0,11.0,11.0,1.0,0.9166666666666666,0.9166666666666666
2019-05-27 02:05:00,0.0,0.0,11.0,11.0,11.0,1.0,0.9166666666666666,0.9166666666666666
2019-05-27 02:20:00,0.0,0.0,11.0,11.0,11.0,1.0,0.9166666666666666,0.9166666666666666
2019-05-27 02:55:00,0.0,0.0,11.0,11.0,11.0,1.0,0.9166666666666666,0.9166666666666666
2019-05-27 03:10:00,0.0,0.0,11.0,11.0,11.0,1.0,0.9166666666666666,0.9166666666666666
2019-05-27 03:25:00,0.0,0.0,11.0,11.0,11.0,1.0,0.9166666666666666,0.9166666666666666
2019-05-27 03:40:00,0.0,0.0,12.0,12.0,12.0,1.0,0.9230769230769231,1.0
2019-05-27 03:55:00,1.0,0.0,11.0,11.0,11.0,1.0,0.8461538461538461,0.9166666666666666
2019-05-27 04:10:00,1.0,0.0,11.0,11.0,11.0,1.0,0.8461538461538461,0.9166666666666666
2019-05-27 04:25:00,0.0,0.0,11.0,11.0,11.0,1.0,0.9166666666666666,0.9166666666666666
2019-05-27 04:40:00,0.0,0.0,12.0,12.0,12.0,1.0,0.9230769230769231,1.0
2019-05-27 05:00:00,0.0,0.0,11.0,11.0,11.0,1.0,0.9166666666666666,0.9166666666666666
2019-05-27 05:15:00,1.0,0.0,11.0,11.0,11.0,1.0,0.8461538461538461,0.9166666666666666
2019-05-27 05:30:00,1.0,0.0,11.0,11.0,11.0,1.0,0.8461538461538461,0.9166666666666666
2019-05-27 05:45:00,0.0,0.0,11.0,11.0,11.0,1.0,0.9166666666666666,0.9166666666666666
2019-05-27 06:25:00,0.0,0.0,12.0,12.0,12.0,1.0,0.9230769230769231,1.0
2019-05-27 06:40:00,1.0,0.0,11.0,11.0,11.0,0.0,0.9166666666666666,0.9166666666666666
2019-05-27 07:00:00,0.0,0.0,12.0,12.0,12.0,1.0,0.9230769230769231,1.0
2019-05-27 07:15:00,1.0,0.0,12.0,12.0,12.0,1.0,0.8571428571428571,1.0
2019-05-27 07:30:00,1.0,0.0,12.0,12.0,12.0,1.0,0.8571428571428571,1.0
2019-05-27 07:45:00,0.0,0.0,12.0,12.0,12.0,1.0,0.9230769230769231,1.0
2019-05-27 08:00:00,0.0,0.0,12.0,12.0,12.0,1.0,0.9230769230769231,1.0
2019-05-27 08:15:00,0.0,0.0,11.0,11.0,11.0,1.0,0.9166666666666666,0.9166666666666666
2019-05-27 08:30:00,0.0,0.0,11.0,11.0,11.0,1.0,0.9166666666666666,0.9166666666666666
2019-05-27 08:45:00,0.0,0.0,11.0,11.0,11.0,0.0,1.0,0.9166666666666666
2019-05-27 09:00:00,1.0,0.0,11.0,11.0,11.0,1.0,0.8461538461538461,0.9166666666666666
2019-05-27 09:15:00,1.0,0.0,12.0,12.0,12.0,1.0,0.8571428571428571,1.0
2019-05-27 09:30:00,1.0,0.0,12.0,12.0,12.0,1.0,0.8571428571428571,1.0
2019-05-27 09:45:00,1.0,0.0,11.0,11.0,11.0,1.0,0.8461538461538461,0.9166666666666666
2019-05-27 10:00:00,0.0,0.0,11.0,11.0,11.0,1.0,0.9166666666666666,0.9166666666666666
2019-05-27 10:15:00,0.0,0.0,12.0,12.0,12.0,0.0,1.0,1.0
2019-05-27 10:30:00,0.0,0.0,11.0,11.0,11.0,1.0,0.9166666666666666,0.9166666666666666
2019-05-27 10:50:00,0.0,0.0,11.0,11.0,11.0,1.0,0.9166666666666666,0.9166666666666666
2019-05-27 11:05:00,1.0,0.0,11.0,11.0,11.0,1.0,0.8461538461538461,0.9166666666666666
2019-05-27 11:20:00,1.0,0.0,11.0,11.0,11.0,1.0,0.8461538461538461,0.9166666666666666
2019-05-27 11:35:00,0.0,0.0,11.0,11.0,11.0,1.0,0.9166666666666666,0.9166666666666666
2019-05-27 11:50:00,0.0,0.0,11.0,11.0,11.0,1.0,0.9166666666666666,0.9166666666666666
2019-05-27 12:05:00,0.0,0.0,11.0,11.0,11.0,1.0,0.9166666666666666,0.9166666666666666
2019-05-27 12:20:00,1.0,0.0,12.0,12.0,12.0,1.0,0.8571428571428571,1.0
2019-05-27 12:35:00,1.0,0.0,11.0,11.0,11.0,1.0,0.8461538461538461,0.9166666666666666
2019-05-27 12:50:00,0.0,0.0,11.0,11.0,11.0,0.0,1.0,0.9166666666666666
2019-05-27 13:05:00,0.0,0.0,11.0,11.0,11.0,1.0,0.9166666666666666,0.9166666666666666
2019-05-27 13:20:00,1.0,0.0,12.0,12.0,12.0,1.0,0.8571428571428571,1.0
2019-05-27 13:35:00,0.0,0.0,12.0,12.0,12.0,1.0,0.9230769230769231,1.0
2019-05-27 13:50:00,1.0,0.0,12.0,12.0,12.0,1.0,0.8571428571428571,1.0
2019-05-27 14:05:00,0.0,0.0,11.0,11.0,11.0,1.0,0.9166666666666666,0.9166666666666666
2019-05-27 14:20:00,1.0,0.0,11.0,11.0,11.0,1.0,0.8461538461538461,0.9166666666666666
2019-05-27 14:35:00,0.0,0.0,11.0,11.0,11.0,1.0,0.9166666666666666,0.9166666666666666
2019-05-27 14:55:00,1.0,0.0,11.0,11.0,11.0,1.0,0.8461538461538461,0.9166666666666666
2019-05-27 15:10:00,1.0,0.0,11.0,11.0,11.0,1.0,0.8461538461538461,0.9166666666666666
2019-05-27 15:25:00,0.0,0.0,11.0,11.0,11.0,1.0,0.9166666666666666,0.9166666666666666
2019-05-27 15:40:00,0.0,0.0,11.0,11.0,11.0,1.0,0.9166666666666666,0.9166666666666666
2019-05-27 15:55:00,0.0,0.0,11.0,11.0,11.0,1.0,0.9166666666666666,0.9166666666666666
2019-05-27 16:10:00,0.0,0.0,11.0,11.0,11.0,1.0,0.9166666666666666,0.9166666666666666
2019-05-27 16:25:00,0.0,0.0,11.0,11.0,11.0,1.0,0.9166666666666666,0.9166666666666666
2019-05-27 16:40:00,0.0,0.0,12.0,12.0,12.0,1.0,0.9230769230769231,1.0
2019-05-27 16:55:00,1.0,0.0,12.0,12.0,12.0,1.0,0.8571428571428571,1.0
2019-05-27 17:10:00,1.0,0.0,11.0,11.0,11.0,1.0,0.8461538461538461,0.9166666666666666
2019-05-27 17:25:00,1.0,0.0,11.0,11.0,11.0,1.0,0.8461538461538461,0.9166666666666666
2019-05-27 17:40:00,0.0,0.0,11.0,11.0,11.0,1.0,0.9166666666666666,0.9166666666666666
2019-05-27 17:55:00,0.0,0.0,11.0,11.0,11.0,1.0,0.9166666666666666,0.9166666666666666
2019-05-27 18:10:00,0.0,0.0,11.0,11.0,11.0,2.0,0.8461538461538461,0.9166666666666666
2019-05-27 18:55:00,0.0,0.0,11.0,11.0,11.0,0.0,1.0,0.9166666666666666
2019-05-27 19:10:00,0.0,0.0,11.0,11.0,11.0,1.0,0.9166666666666666,0.9166666666666666
2019-05-27 19:25:00,1.0,0.0,11.0,11.0,11.0,1.0,0.8461538461538461,0.9166666666666666
2019-05-27 20:00:00,0.0,0.0,11.0,11.0,11.0,1.0,0.9166666666666666,0.9166666666666666
2019-05-27 20:15:00,0.0,0.0,11.0,11.0,11.0,1.0,0.9166666666666666,0.9166666666666666
2019-05-27 20:30:00,0.0,0.0,12.0,12.0,12.0,1.0,0.9230769230769231,1.0
2019-05-27 20:45:00,0.0,0.0,11.0,11.0,11.0,1.0,0.9166666666666666,0.9166666666666666
2019-05-27 21:00:00,1.0,0.0,11.0,11.0,11.0,1.0,0.8461538461538461,0.9166666666666666
2019-05-27 21:15:00,1.0,0.0,11.0,11.0,11.0,1.0,0.8461538461538461,0.9166666666666666
2019-05-27 21:30:00,0.0,0.0,11.0,11.0,11.0,1.0,0.9166666666666666,0.9166666666666666
2019-05-27 21:45:00,0.0,0.0,11.0,11.0,11.0,1.0,0.9166666666666666,0.9166666666666666
2019-05-27 22:25:00,0.0,0.0,11.0,11.0,11.0,1.0,0.9166666666666666,0.9166666666666666
2019-05-27 22:45:00,0.0,0.0,12.0,12.0,12.0,0.0,1.0,1.0
2019-05-27 23:00:00,0.0,0.0,12.0,12.0,12.0,1.0,0.9230769230769231,1.0
2019-05-27 23:15:00,0.0,0.0,11.0,11.0,11.0,1.0,0.9166666666666666,0.9166666666666666
2019-05-27 23:30:00,1.0,0.0,12.0,12.0,12.0,1.0,0.8571428571428571,1.0
2019-05-27 23:45:00,1.0,0.0,11.0,11.0,11.0,1.0,0.8461538461538461,0.9166666666666666
2019-05-28 00:00:00,0.0,0.0,12.0,12.0,12.0,1.0,0.9230769230769231,1.0
